"id","year","as_cafe","ac_cafe","p_cafe"
5001,2007,1078,1027,821.6
5001,2008,1078,1027,821.6
5001,2009,1078,1027,800
5001,2010,1078,1078,862.4
5001,2011,1081,1058,846.4
5001,2012,1087,1077,861.6
5001,2013,625,534,267.4939
5002,2007,4067,3819,2329.3999
5002,2008,4180,3956,2223.3
5002,2009,4180,3956,2223.6001
5002,2010,4052,3665,2528.8999
5002,2011,3959,3290,1500
5002,2012,3701,3000,2398.1201
5002,2013,3713,3050,1717.4594
5004,2007,135,135,81
5004,2008,137,132,89.6
5004,2009,133,128,86
5004,2010,146,130,87
5004,2011,148,114,96.18
5004,2012,154,136,117.39
5004,2013,137,111,62.5542
5021,2007,739,733,732.6
5021,2008,752,706,705.5
5021,2009,750,716,358.3
5021,2010,750,582,872.3
5021,2011,709,640,768
5021,2012,721,446,535.704
5021,2013,799,654,491.1488
5030,2007,832,785,570
5030,2008,672,578,346.7
5030,2009,671,553,327
5030,2010,674,585,760.6
5030,2011,656,635,952.95
5030,2012,666,635,476.475
5030,2013,792,683,512.982
5031,2007,1552,1432,1439.2
5031,2008,1695,1392,1304.3
5031,2009,1600,1270,1143
5031,2010,1801,1518,1365.8
5031,2011,1926,1454,1308.15
5031,2012,1994,1426,1283.4
5031,2013,1999,1590,895.1283
5034,2007,8696,8484,13574.4004
5034,2008,8696,8484,13574.4004
5034,2009,8708,8496,13593.5996
5034,2010,8713,8398,13436.7998
5034,2011,9800,5490,7137
5034,2012,11012,7012,5259
5034,2013,10959,8401,6832.667
5036,2007,600,600,480
5036,2008,630,497,398
5036,2009,607,587,293.5
5036,2010,722,662,288.5
5036,2011,635,615,307.5
5036,2012,638,578,289
5036,2013,324,257,128.0397
5038,2007,1240,1180,1180
5038,2008,1240,1180,1180
5038,2009,1240,1180,1180
5038,2010,1310,1170,1170
5038,2011,1355,1100,1380
5038,2012,1355,1100,1300
5038,2013,1064,920,748.0503
5040,2007,214,194,217.3
5040,2008,234,234,262.1
5040,2009,244,234,262.1
5040,2010,294,234,257.4
5040,2011,359,244,268.4
5040,2012,350,300,330
5040,2013,313,251,172.8835
5042,2007,1524,1407,1896
5042,2008,1564,1407,1850
5042,2009,1810,1590,1600
5042,2010,1810,1810,2624.5
5042,2011,1800,1600,1700
5042,2012,2155,1389,1041.75
5042,2013,2277,1765,1656.5771
5044,2007,1200,1140,1311
5044,2008,1436,1100,1012
5044,2009,1436,1236,506.8
5044,2010,1530,956,430.2
5044,2011,1540,904,406.62
5044,2012,1706,1263,1516
5044,2013,1932,1627,1119.6204
5055,2007,1800,1800,1800
5055,2008,2003,1793,1075.8
5055,2009,2115,1843,1382.3
5055,2010,2100,1768,990.1
5055,2011,2050,1600,900
5055,2012,2060,2060,1545
5055,2013,1494,1270,900.4245
5059,2007,788,769,864.8
5059,2008,788,788,886.2
5059,2009,788,788,886.2
5059,2010,788,788,886.2
5059,2011,800,650,620
5059,2012,830,681,510.75
5059,2013,718,600,450.6523
5079,2007,1131,711,924.3
5079,2008,1443,1287,1293.6
5079,2009,1455,1403,1263
5079,2010,1506,1367,1367
5079,2011,1464,1310,1620
5079,2012,1382,1271,1270.7
5079,2013,1364,1158,724.4189
5088,2007,208,202,181.8
5088,2008,208,208,187.2
5088,2009,211,208,187.2
5088,2010,211,208,187.2
5088,2011,211,208,187.2
5088,2012,214,214,192.6
5088,2013,161,130,81.3426
5091,2007,5439,5439,5482
5091,2008,6700,6290,5346.5
5091,2009,6750,6550,6188
5091,2010,6796,6346,7932.5
5091,2011,6796,6396,7995
5091,2012,6796,6396,4797
5091,2013,7240,5641,6352.7222
5093,2007,4845,4532,4826
5093,2008,5156,4771,4823
5093,2009,5470,4396,4275
5093,2010,5610,4636,4636
5093,2011,5760,5172,10344
5093,2012,5855,5287,3965.25
5093,2013,6509,5168,7114.1567
5101,2007,9680,8510,9935
5101,2008,9880,7100,7721
5101,2009,9942,6830,7172
5101,2010,10142,7040,10560
5101,2011,10528,7214,8656.7998
5101,2012,10990,7924,5943
5101,2013,11253,8950,10079.7871
5107,2007,310,60,52.8
5107,2008,577,445,413.9
5107,2009,612,411,493.2
5107,2010,682,506,632
5107,2011,662,542,526
5107,2012,607,482,460
5107,2013,716,612,421.3529
5113,2007,906,856,719.1
5113,2008,916,816,507.6
5113,2009,879,749,465.9
5113,2010,881,823,1152.2
5113,2011,1073,142,198.8
5113,2012,993,993,794.4
5113,2013,934,791,495.1381
5125,2007,1299,1195,1193
5125,2008,1378,1220,1230
5125,2009,1378,1303,1225
5125,2010,1388,968,464.6
5125,2011,1391,1130,920
5125,2012,1694,1439,1079.61
5125,2013,2251,1747,1366.0382
5129,2007,230,230,214
5129,2008,230,220,242
5129,2009,230,220,264
5129,2010,236,188,225.6
5129,2011,236,198,237.6
5129,2012,236,204,153
5129,2013,175,125,78.4458
5134,2007,250,248,225.7
5134,2008,235,223,202.9
5134,2009,281,209,146.3
5134,2010,289,211,232.1
5134,2011,250,194,193.9
5134,2012,250,194,213.29
5134,2013,319,241,150.6724
5138,2007,2545,2447,1174.6
5138,2008,2560,2397,958.8
5138,2009,2560,2270,1271.2
5138,2010,2525,2222,1666.5
5138,2011,2687,2000,1300
5138,2012,3211,2206,1654.5
5138,2013,2918,2571,2895.8652
5142,2007,35,35,16.8
5142,2008,37,35,16.8
5142,2009,40,37,17.8
5142,2010,40,28,14
5142,2011,55,15,10
5142,2012,60,40,16
5142,2013,31,28,13.726
5145,2007,1089,1039,962
5145,2008,1096,1081,930
5145,2009,1456,1081,900
5145,2010,1506,1026,1026
5145,2011,1500,1000,825
5145,2012,1500,1000,950
5145,2013,879,728,362.618
5148,2007,470,470,329
5148,2008,470,470,329
5148,2009,470,415,249
5148,2010,365,285,171
5148,2011,305,190,140
5148,2012,305,140,112
5148,2013,218,183,91.8325
5190,2007,259,231,231
5190,2008,280,265,265
5190,2009,250,220,132
5190,2010,246,236,141.6
5190,2011,240,210,115
5190,2012,206,196,147
5190,2013,174,158,138.0378
5197,2007,1510,1473,1473
5197,2008,1459,1419,794.6
5197,2009,1386,1264,758.4
5197,2010,1428,1248,748.8
5197,2011,1132,1022,613.2
5197,2012,1132,1022,613.2
5197,2013,1016,864,486.5164
5206,2007,114,98,97
5206,2008,115,98,98
5206,2009,115,59,88.5
5206,2010,143,121,151.3
5206,2011,148,107,133.75
5206,2012,153,119,89.25
5206,2013,217,165,133.8877
5209,2007,5578,5012,6182
5209,2008,5608,5148,6178
5209,2009,5659,4251,4782
5209,2010,6488,4846,5814.6001
5209,2011,6788,4459,7803.25
5209,2012,6838,5338,4003.5
5209,2013,7296,5785,7963.4194
5212,2007,142,142,99.4
5212,2008,142,140,98
5212,2009,142,140,98
5212,2010,142,90,63
5212,2011,142,90,63
5212,2012,142,141,105.75
5212,2013,103,87,38.0635
5237,2007,174,170,212.5
5237,2008,177,155,193.8
5237,2009,177,177,221.3
5237,2010,182,169,147.9
5237,2011,197,156,136.5
5237,2012,148,130,114.4
5237,2013,313,254,142.9086
5240,2007,2015,1200,1344
5240,2008,2105,2025,1417.5
5240,2009,2105,2025,1417.5
5240,2010,2105,2105,1473.5
5240,2011,2000,1800,1150
5240,2012,2000,1900,1425
5240,2013,2049,1732,1625.6307
5282,2007,2497,2197,2856.1001
5282,2008,2762,2527,2527
5282,2009,2150,1862,1794
5282,2010,2284,2116,2115.8999
5282,2011,2312,2030,2061
5282,2012,2462,2080,2161
5282,2013,2600,1849,2313.4058
5306,2007,659,582,698.4
5306,2008,700,590,708
5306,2009,727,692,643.6
5306,2010,797,699,650.1
5306,2011,765,713,520
5306,2012,951,720,654
5306,2013,733,639,440.0565
5308,2007,379,379,426
5308,2008,411,368,414
5308,2009,411,396,446
5308,2010,412,403,604.5
5308,2011,363,351,350.9
5308,2012,363,265,198.75
5308,2013,274,221,207.0698
5310,2007,754,690,776.8
5310,2008,787,587,645.7
5310,2009,795,706,776.6
5310,2010,818,665,731.5
5310,2011,810,650,610
5310,2012,829,733,439.8
5310,2013,829,642,321.2167
5313,2007,926,853,639.8
5313,2008,997,960,518.4
5313,2009,997,907,489.8
5313,2010,987,897,224.3
5313,2011,962,942,235.5
5313,2012,210,195,195
5313,2013,339,290,199.4767
5315,2007,622,577,519.3
5315,2008,711,595,536
5315,2009,626,524,533
5315,2010,541,453,533
5315,2011,540,415,420
5315,2012,548,400,300
5315,2013,539,402,301.6649
5321,2007,45,45,46
5321,2008,45,45,40
5321,2009,50,45,29.7
5321,2010,50,45,29.7
5321,2011,50,45,29.7
5321,2012,15,0,0
5321,2013,34,32,18.3007
5347,2007,1264,960,864
5347,2008,1264,1264,1137.6
5347,2009,1265,1254,1128.6
5347,2010,1240,1189,1070.1899
5347,2011,1245,1064,900
5347,2012,1244,1146,1146
5347,2013,1039,873,546.1422
5353,2007,769,448,433
5353,2008,660,591,561.5
5353,2009,660,491,441.9
5353,2010,664,496,496
5353,2011,673,376,363
5353,2012,806,496,491
5353,2013,1161,871,817.8555
5364,2007,2348,2348,3170
5364,2008,2408,2055,2697
5364,2009,2392,2075,2490
5364,2010,2256,1513,2420.8
5364,2011,1856,790,1264
5364,2012,2436,1914,1435.5
5364,2013,2387,1879,2351.7964
5368,2007,2000,1810,2244.3999
5368,2008,1911,1389,1722.4
5368,2009,1914,1803,1262.1
5368,2010,1917,1693,2539.5
5368,2011,1942,1644,2050
5368,2012,1977,1632,1224
5368,2013,1700,1396,1309.7841
5376,2007,587,559,627
5376,2008,489,441,442
5376,2009,528,443,420
5376,2010,454,303,424.5
5376,2011,450,420,400
5376,2012,449,449,336.75
5376,2013,408,343,321.9042
5380,2007,76,47,37.6
5380,2008,76,76,60.8
5380,2009,66,66,59
5380,2010,56,56,44.8
5380,2011,70,70,60
5380,2012,70,70,52.5
5380,2013,50,29,27.4792
5411,2007,1250,1250,1375
5411,2008,1313,1180,899.2
5411,2009,1402,1256,678.2
5411,2010,1551,1300,1625
5411,2011,1554,1350,1100
5411,2012,1559,1200,1200
5411,2013,1766,1524,1430.118
5425,2007,243,243,109.4
5425,2008,263,233,139.8
5425,2009,273,243,145.8
5425,2010,283,263,157.8
5425,2011,293,283,160
5425,2012,323,283,169.8
5425,2013,232,168,63.1495
5440,2007,15,12,12
5440,2008,15,15,15
5440,2009,15,15,15
5440,2010,20,15,15
5440,2011,20,15,15
5440,2012,23,15,15
5440,2013,49,39,24.5448
5467,2007,1510,1450,1450
5467,2008,1910,1340,1340
5467,2009,1910,1450,1160
5467,2010,1910,1850,1480
5467,2011,1910,1300,1400
5467,2012,2030,1600,1600
5467,2013,1770,1383,951.7402
5483,2007,2973,2653,2643
5483,2008,2976,2815,3378
5483,2009,3032,2724,2043
5483,2010,2964,2826,3391.2
5483,2011,2949,2868,3100
5483,2012,3387,3267,1601.7
5483,2013,1696,1384,1385.2504
5501,2007,310,270,116.5
5501,2008,354,290,217.5
5501,2009,354,336,168
5501,2010,359,321,256.8
5501,2011,370,293,275
5501,2012,399,298,310
5501,2013,391,346,259.4604
5541,2007,480,480,472
5541,2008,421,399,398.9
5541,2009,446,402,481.8
5541,2010,509,423,507.5
5541,2011,593,349,290
5541,2012,589,450,337.5
5541,2013,371,309,289.7044
5543,2007,1233,909,1045.4
5543,2008,1365,1227,1104.3
5543,2009,1289,1215,729
5543,2010,1459,1179,1253.3
5543,2011,1304,1007,1147.98
5543,2012,1310,1202,1081.8
5543,2013,1516,1226,690.6224
5576,2007,1623,1430,1287
5576,2008,1640,1324,1429
5576,2009,1613,1208,1270
5576,2010,1613,1308,1634.8
5576,2011,1620,1404,1456
5576,2012,1740,1171,878.4
5576,2013,1834,1425,1159.0981
5607,2007,277,236,306.2
5607,2008,237,225,293
5607,2009,259,232,139.3
5607,2010,264,212,318.3
5607,2011,274,189,220
5607,2012,284,229,171.75
5607,2013,195,154,144.3689
5628,2007,1105,1096,1057.2
5628,2008,1205,1190,1142.4
5628,2009,1211,879,919
5628,2010,1396,535,668.8
5628,2011,1788,490,500
5628,2012,1988,921,690.75
5628,2013,1688,1375,1505.6686
5631,2007,151,121,118
5631,2008,134,130,144
5631,2009,118,110,116
5631,2010,116,106,158.3
5631,2011,145,130,97.5
5631,2012,69,65,48.75
5631,2013,56,52,49.2429
5642,2007,6011,4200,4720
5642,2008,6520,5529,5846
5642,2009,6554,5420,5672
5642,2010,6812,5070,5070
5642,2011,6992,5819,6000
5642,2012,7166,5143,3857.0249
5642,2013,8257,6261,7834.291
5647,2007,739,626,508
5647,2008,739,628,509.6
5647,2009,985,614,409.4
5647,2010,977,501,441.1
5647,2011,966,755,664.4
5647,2012,1034,775,681.912
5647,2013,1215,1049,656.1403
5649,2007,1627,1627,1464.3
5649,2008,1783,1751,875.5
5649,2009,1726,1540,1339.8
5649,2010,1922,1726,1501.6
5649,2011,2047,1695,1500
5649,2012,1150,1035,776.25
5649,2013,876,614,461.0569
5652,2007,476,476,417
5652,2008,476,476,417
5652,2009,496,371,242
5652,2010,435,325,292.8357
5652,2011,397,370,310
5652,2012,92,21,23.856
5652,2013,365,270,118.1016
5656,2007,657,622,528.7
5656,2008,648,620,465
5656,2009,618,546,382.2
5656,2010,621,515,463.5
5656,2011,620,520,440
5656,2012,615,535,500
5656,2013,743,609,571.6381
5660,2007,330,320,176
5660,2008,330,302,181.2
5660,2009,355,330,198
5660,2010,374,330,198
5660,2011,370,325,170
5660,2012,365,335,190
5660,2013,275,205,101.9583
5667,2007,1260,1260,1260
5667,2008,1308,1190,817.5
5667,2009,1308,1144,543.2
5667,2010,1272,1018,483.8
5667,2011,1274,892,468.0375
5667,2012,1214,984,491.75
5667,2013,1115,853,320.1699
5670,2007,1151,1072,1093
5670,2008,1155,1119,1141.4
5670,2009,1156,1035,982.9
5670,2010,1130,935,888.3
5670,2011,1153,775,746.2287
5670,2012,1193,1143,1097.184
5670,2013,1540,1277,798.8167
5679,2007,1400,1317,1377
5679,2008,1770,1050,1175
5679,2009,2765,1465,1498
5679,2010,2665,1770,1947
5679,2011,2684,2005,3007.6499
5679,2012,2431,1260,945
5679,2013,2548,1932,1329.9011
5686,2007,610,610,620
5686,2008,620,610,488
5686,2009,638,593,567
5686,2010,702,240,338.4
5686,2011,700,250,300
5686,2012,696,657,492.75
5686,2013,792,627,509.7186
5690,2007,1334,1249,1498.8
5690,2008,1339,1124,1348.8
5690,2009,1340,1212,1090.8
5690,2010,1408,1226,1103.4
5690,2011,1407,1233,1232.8
5690,2012,1422,1113,1224.08
5690,2013,1329,1116,837.8909
5756,2007,3660,3000,3600
5756,2008,3580,3455,4146
5756,2009,3430,2970,2970
5756,2010,3410,2530,2530
5756,2011,3398,2698,2967.8
5756,2012,3383,3013,2448.0625
5756,2013,2760,2157,1754.0262
5761,2007,1038,978,1173.6
5761,2008,982,938,750.4
5761,2009,985,924,646.8
5761,2010,1005,886,1063.2
5761,2011,1020,915,1281
5761,2012,1032,925,693.75
5761,2013,1107,865,811.7147
5789,2007,2657,1519,1701.9
5789,2008,2645,1900,2165
5789,2009,2825,2231,2289
5789,2010,2823,2083,2707.8999
5789,2011,2833,2480,3223.74
5789,2012,2843,2633,2764.23
5789,2013,2018,1678,1364.4858
5792,2007,1041,951,1142
5792,2008,1060,874,1049
5792,2009,1038,847,826
5792,2010,1054,800,800
5792,2011,1020,835,1001.796
5792,2012,1080,686,514.575
5792,2013,1093,821,770.6772
5809,2007,613,569,779.5
5809,2008,581,526,499.7
5809,2009,567,490,539
5809,2010,568,482,627.3
5809,2011,717,464,417
5809,2012,575,474,474
5809,2013,584,517,453.2762
5819,2007,498,289,232
5819,2008,338,128,128
5819,2009,336,94,94
5819,2010,1004,979,979
5819,2011,981,878,800
5819,2012,1071,874,972
5819,2013,1048,938,880.2437
5842,2007,1206,1176,729.1
5842,2008,1206,1176,729.1
5842,2009,1206,1171,936.8
5842,2010,1271,1166,932.8
5842,2011,1271,1000,700
5842,2012,1271,1050,850
5842,2013,744,654,327.2123
5856,2007,721,660,734
5856,2008,654,583,690
5856,2009,498,452,523
5856,2010,506,428,642
5856,2011,514,436,524
5856,2012,564,466,349.5
5856,2013,609,501,470.4306
5858,2007,530,516,619.2
5858,2008,396,354,283.2
5858,2009,461,350,175
5858,2010,525,338,304.2
5858,2011,520,509,356.3
5858,2012,530,520,390
5858,2013,536,455,227.8569
5861,2007,711,653,586.3
5861,2008,690,554,765.1
5861,2009,684,604,920.6
5861,2010,686,582,873.75
5861,2011,702,553,840
5861,2012,706,504,378.375
5861,2013,768,547,615.9614
5885,2007,218,128,64
5885,2008,253,158,79
5885,2009,283,228,114
5885,2010,321,263,131.5
5885,2011,331,263,131.5
5885,2012,331,301,150.5
5885,2013,455,372,185.5504
5887,2007,404,350,350
5887,2008,275,259,323.3
5887,2009,303,268,295.2
5887,2010,339,244,268.8
5887,2011,359,249,311.75
5887,2012,359,270,202.8
5887,2013,396,344,322.8708
15022,2007,18,18,7.2
15022,2008,7,7,2.8
15022,2009,7,7,2.8
15022,2010,11,7,2.8
15022,2011,11,6,2.4
15022,2012,32,2,1.2
15022,2013,65,25,15.8743
15090,2007,507,507,380
15090,2008,508,476,357
15090,2009,516,465,348.75
15090,2010,526,425,369.75
15090,2011,531,430,374.1
15090,2012,521,410,356.7
15090,2013,461,377,211.0051
15106,2007,480,420,292
15106,2008,480,440,308
15106,2009,440,420,168
15106,2010,170,140,56
15106,2011,410,390,58.5
15106,2012,190,120,14.4
15106,2013,494,477,267.1644
15109,2007,470,350,230
15109,2008,420,397,397.375
15109,2009,427,400,160
15109,2010,307,307,214.9
15109,2011,290,212,84.8
15109,2012,424,382,382
15109,2013,443,355,227.3866
15185,2007,585,485,485
15185,2008,610,510,510
15185,2009,535,465,465
15185,2010,535,465,465
15185,2011,548,476,428.4
15185,2012,415,80,60
15185,2013,469,386,216.029
15212,2007,385,290,185
15212,2008,341,270,144
15212,2009,352,326,163
15212,2010,359,347,190.85
15212,2011,359,320,192
15212,2012,389,377,199.81
15212,2013,307,241,96.25
15325,2007,297,295,355
15325,2008,327,315,378
15325,2009,330,320,384
15325,2010,440,423,211.5
15325,2011,438,380,190
15325,2012,317,295,177
15325,2013,342,319,127.5905
15377,2007,600,600,420
15377,2008,205,190,71
15377,2009,220,175,87.5
15377,2010,255,120,60
15377,2011,347,50,30
15377,2012,39,20,10
15377,2013,52,37,23.7667
15401,2007,270,260,229
15401,2008,75,69,69
15401,2009,86,80,64
15401,2010,40,30,30
15401,2011,2,2,3
15401,2012,22,2,2
15401,2013,109,82,52.366
15442,2007,523,408,286
15442,2008,544,529,370
15442,2009,335,335,134
15442,2010,327,300,163
15442,2011,217,197,98.5
15442,2012,211,208,124.8
15442,2013,348,297,163.2907
15455,2007,750,692,519
15455,2008,749,675,608
15455,2009,755,655,589.5
15455,2010,805,725,725
15455,2011,824,742,568
15455,2012,824,674,337
15455,2013,972,748,478.8728
15469,2007,2650,2350,2350
15469,2008,2663,2478,2478
15469,2009,2729,2474,2449.26
15469,2010,2494,1784,1159.6
15469,2011,2494,1645,1100
15469,2012,1570,324,324
15469,2013,1858,1554,994.8902
15480,2007,45,39,39
15480,2008,8,5,5
15480,2009,10,10,10
15480,2010,10,10,10
15480,2011,14,10,7
15480,2012,100,100,100
15480,2013,71,27,17.4553
15507,2007,134,120,90
15507,2008,134,134,100.5
15507,2009,40,30,24
15507,2010,100,50,50
15507,2011,103,40,32
15507,2012,120,0,0
15507,2013,193,157,100.4818
15514,2007,175,175,140
15514,2008,175,175,140
15514,2009,175,171,136.8
15514,2010,195,176,140.8
15514,2011,188,111,77.7844
15514,2012,239,199,159.2
15514,2013,272,220,140.9741
15531,2007,385,360,360
15531,2008,400,350,350
15531,2009,460,400,200
15531,2010,450,400,200
15531,2011,450,369,184.5
15531,2012,509,418,505.78
15531,2013,399,328,209.7777
15533,2007,170,150,85
15533,2008,192,180,67
15533,2009,205,180,90
15533,2010,235,140,70
15533,2011,213,140,90
15533,2012,210,205,102.5
15533,2013,25,24,15.1894
15550,2007,190,85,106
15550,2008,198,180,127
15550,2009,232,175,70
15550,2010,291,230,230
15550,2011,213,140,110
15550,2012,191,170,85
15550,2013,104,91,58.4853
15580,2007,55,34,32
15580,2008,31,25,22
15580,2009,33,23,16.1
15580,2010,35,25,18.75
15580,2011,35,23,18.4
15580,2012,91,32,25.6
15580,2013,125,72,46.0163
15660,2007,130,127,119
15660,2008,155,144,133.92
15660,2009,156,140,130.2
15660,2010,174,16,14.415
15660,2011,168,11,7.9635
15660,2012,183,97,87.3
15660,2013,199,155,99.144
15664,2007,680,650,650
15664,2008,615,550,605
15664,2009,650,590,649
15664,2010,720,570,598.5
15664,2011,740,570,456
15664,2012,658,404,404
15664,2013,725,551,352.9281
15681,2007,220,200,120
15681,2008,130,130,78
15681,2009,190,130,104
15681,2010,135,100,60
15681,2011,135,92,55.2
15681,2012,185,40,25
15681,2013,254,186,89.1826
15686,2007,600,600,360
15686,2008,550,550,330
15686,2009,492,454,292.46
15686,2010,594,473,293.26
15686,2011,75,35,36
15686,2012,93,0,0
15686,2013,542,457,292.6313
15690,2007,10,5,5
15690,2008,16,15,15
15690,2009,10,5,5
15690,2010,8,8,7.2
15690,2011,8,6,3.9776
15690,2012,8,6,4.5
15690,2013,3,2,1.2938
15761,2007,39,33,16.5
15761,2008,39,34,17
15761,2009,36,36,18
15761,2010,37,36,18.25
15761,2011,36,25,10.0821
15761,2012,36,36,18.25
15761,2013,43,42,16.7264
15816,2007,750,700,700
15816,2008,678,580,580
15816,2009,660,640,640
15816,2010,670,640,640
15816,2011,686,656,555
15816,2012,700,680,544
15816,2013,669,521,317.1179
15897,2007,919,854,640
15897,2008,916,916,870
15897,2009,928,879,571.35
15897,2010,983,898,583.7
15897,2011,983,827,520
15897,2012,966,813,511.1971
15897,2013,1049,843,539.3616
17001,2007,9268,6424,10848
17001,2008,8536,6379,9706
17001,2009,8084,7230,10411
17001,2010,7616,6780,12713
17001,2011,7592,6482,12121.3398
17001,2012,7592,6482,6482
17001,2013,7147,5398,5262.127
17013,2007,4626,4173,4063
17013,2008,4604,4085,3458
17013,2009,4624,4110,4110
17013,2010,4615,3800,3800
17013,2011,4584,3939,3939
17013,2012,4603,265,265
17013,2013,4654,3572,2784.2004
17042,2007,7125,5485,7131
17042,2008,6967,4985,5982
17042,2009,6714,4785,6359
17042,2010,6838,6150,7995
17042,2011,6781,5254,5910.3789
17042,2012,3256,2605,781.5
17042,2013,6612,5098,4970.3013
17050,2007,2597,2222,2254
17050,2008,2409,2154,2040
17050,2009,2306,2086,1825
17050,2010,2291,1999,1999.4301
17050,2011,2269,1891,1512.4561
17050,2012,2269,1891,1890.5699
17050,2013,1954,1555,1515.9171
17088,2007,3734,3196,3835
17088,2008,3754,3225,4656
17088,2009,3507,3464,3308.1201
17088,2010,3612,3246,3895.2
17088,2011,3329,2453,2453.4399
17088,2012,6785,3000,3000
17088,2013,3417,2505,2442.4404
17174,2007,5632,5631,9203
17174,2008,5177,4477,7263
17174,2009,5052,4500,7200
17174,2010,4957,4229,6343.875
17174,2011,4906,4022,5631.1782
17174,2012,4906,4022,4022.27
17174,2013,4602,3235,3154.0864
17272,2007,2787,2604,3162
17272,2008,2735,2132,2959
17272,2009,2687,2400,3120
17272,2010,2585,2265,5098
17272,2011,2524,2343,2025.4
17272,2012,2524,2343,2343
17272,2013,2771,2182,2126.7783
17388,2007,1321,1219,1257
17388,2008,1217,993,860
17388,2009,1193,1090,981
17388,2010,1191,991,940.3
17388,2011,1133,942,847.521
17388,2012,1133,942,941.69
17388,2013,1106,863,841.4927
17433,2007,3984,3731,3743
17433,2008,4032,3705,3577
17433,2009,3905,1750,1575
17433,2010,3966,3686,4165.1802
17433,2011,3918,3218,4022.5
17433,2012,3930,3133,3133
17433,2013,3992,3269,3320.1663
17442,2007,859,699,745
17442,2008,810,808,781
17442,2009,741,600,540
17442,2010,720,694,902.2
17442,2011,699,649,726.992
17442,2012,646,594,594
17442,2013,602,535,521.307
17444,2007,4621,4178,4471
17444,2008,4451,4247,4528
17444,2009,4390,4210,4210
17444,2010,4380,3890,3890
17444,2011,4283,3915,3131.8799
17444,2012,3852,3056,3056
17444,2013,3685,2986,2425.6592
17446,2007,210,205,148
17446,2008,216,209,150
17446,2009,221,210,210
17446,2010,218,192,203.52
17446,2011,234,202,181.8
17446,2012,65,0,0
17446,2013,219,174,169.2422
17486,2007,4332,4000,4326
17486,2008,4332,3217,4612
17486,2009,4159,3949,3949
17486,2010,4149,3664,7170.5
17486,2011,3796,2515,3269.5
17486,2012,4110,0,0
17486,2013,3868,2987,2912.4385
17513,2007,4010,4000,4182
17513,2008,4064,3583,3879
17513,2009,4065,3600,3096
17513,2010,4100,3300,3630
17513,2011,4059,3419,3760.8999
17513,2012,1541,1025,1127.5
17513,2013,4094,3070,2993.0237
17524,2007,4777,4400,6160
17524,2008,4499,4474,5596
17524,2009,4474,4474,5520
17524,2010,4281,3642,8376.5996
17524,2011,4235,2116,4231.5815
17524,2012,4239,2118,2118
17524,2013,4008,2727,2658.1658
17541,2007,5931,5900,5908
17541,2008,5900,5900,5984
17541,2009,5775,5350,5900
17541,2010,5731,5346,4651.1938
17541,2011,5753,4933,3699.75
17541,2012,5753,3000,3000
17541,2013,4909,4235,4128.438
17614,2007,3781,3695,3111
17614,2008,3757,3757,3151
17614,2009,3757,3757,3151
17614,2010,3522,3111,4262.0698
17614,2011,3504,3244,3892.8
17614,2012,3504,3244,3892.8
17614,2013,3438,2900,2827.3982
17616,2007,3772,2750,3575
17616,2008,3430,2895,3474
17616,2009,3323,3040,3648
17616,2010,3110,2840,2848
17616,2011,3214,2314,3181.75
17616,2012,3118,2800,1150
17616,2013,3188,2333,2653.3838
17653,2007,3064,2900,2716
17653,2008,3066,2880,2596
17653,2009,2972,2700,2430
17653,2010,3017,2569,2235.3433
17653,2011,2883,2363,2528.6133
17653,2012,2679,2279,2279
17653,2013,2610,2040,2155.0098
17662,2007,4628,4500,4153
17662,2008,4576,4576,4206
17662,2009,4355,3900,3510
17662,2010,3887,3573,3573
17662,2011,4466,4104,4104
17662,2012,4415,4090,4090.3
17662,2013,4298,3739,3645.1035
17665,2007,2264,2050,2253
17665,2008,2222,1920,2688
17665,2009,2107,1920,2503
17665,2010,1954,1954,2197.9014
17665,2011,2059,1908,2156.1531
17665,2012,2129,1689,1689
17665,2013,2054,1414,1435.547
17777,2007,2021,1920,1938
17777,2008,1952,1952,1963
17777,2009,1952,1952,1963
17777,2010,1934,1719,2578.5
17777,2011,1897,1740,2393.1875
17777,2012,1810,1428,1570.613
17777,2013,1860,1511,1693.6834
17867,2007,425,248,343
17867,2008,274,227,336
17867,2009,266,263,395
17867,2010,250,230,184
17867,2011,256,246,196.976
17867,2012,256,246,246.22
17867,2013,143,102,80.2463
17873,2007,1788,1593,2508
17873,2008,1746,1223,1553
17873,2009,1724,853,597.1
17873,2010,1719,1569,1255.488
17873,2011,1735,1585,2218.9441
17873,2012,2015,1015,1015
17873,2013,1698,1350,1535.5775
17877,2007,746,670,782
17877,2008,894,894,886
17877,2009,890,890,1157
17877,2010,890,800,1049.6
17877,2011,643,534,667.825
17877,2012,970,940,940
17877,2013,630,485,382.4606
18001,2007,681,542,488
18001,2008,660,645,581
18001,2009,664,587,587
18001,2010,660,637,785
18001,2011,687,480,384
18001,2012,827,580,435
18001,2013,1029,720,560.9062
18247,2007,326,248,223
18247,2008,329,319,255
18247,2009,309,242,242
18247,2010,329,260,275
18247,2011,182,182,182
18247,2012,200,65,48.75
18247,2013,323,199,140.9019
18256,2007,127,97,83
18256,2008,135,127,102
18256,2009,141,116,116
18256,2010,176,170,182
18256,2011,356,176,193.6
18256,2012,187,140,104.625
18256,2013,203,142,110.7287
18410,2007,165,129,129
18410,2008,176,166,149
18410,2009,176,85,85
18410,2010,176,165,200
18410,2011,230,170,170
18410,2012,200,130,130
18410,2013,255,196,138.8686
18592,2007,970,890,805
18592,2008,967,960,864
18592,2009,965,806,806
18592,2010,967,714,714
18592,2011,1224,1021,816.8
18592,2012,1284,1200,960
18592,2013,1357,977,761.689
18753,2007,518,389,406
18753,2008,521,518,518
18753,2009,521,496,496
18753,2010,702,552,708
18753,2011,742,730,730
18753,2012,780,730,730
18753,2013,917,672,475.8245
19001,2007,3214,2182,2488
19001,2008,3202,2678,2717
19001,2009,3395,2390,2319
19001,2010,3270,2294,2229
19001,2011,3361,2358,2055.2388
19001,2012,3280,3240,2916
19001,2013,4020,3380,2472.6719
19022,2007,905,737,408
19022,2008,912,701,345
19022,2009,916,753,355
19022,2010,917,809,361
19022,2011,917,746,332.8547
19022,2012,700,700,770
19022,2013,1088,856,704.2029
19050,2007,1300,1097,640
19050,2008,1337,1095,568
19050,2009,1628,939,466
19050,2010,1397,1271,640
19050,2011,1397,1172,590.0937
19050,2012,2287,2130,1245
19050,2013,1672,1331,1094.9686
19075,2007,1477,1011,1036
19075,2008,1525,1302,1186
19075,2009,1678,1358,1183
19075,2010,1554,1373,1289
19075,2011,1603,1416,1188.0001
19075,2012,1783,1674,1309.6
19075,2013,3029,2628,1879.1172
19100,2007,2207,1532,1094
19100,2008,2287,1521,966
19100,2009,2087,1921,1167
19100,2010,2351,1729,960
19100,2011,2351,1594,885.027
19100,2012,2552,2024,2226.3999
19100,2013,2779,2291,1885.4945
19110,2007,1323,1119,963
19110,2008,1392,1138,872
19110,2009,1403,650,476
19110,2010,1414,925,648
19110,2011,1414,853,597.314
19110,2012,2316,1000,500
19110,2013,1754,1441,922.5522
19130,2007,5774,5229,4679
19130,2008,5854,4671,3718
19130,2009,6334,5612,4272
19130,2010,5899,5318,4117
19130,2011,5422,4905,3797.0793
19130,2012,6626,6580,7238
19130,2013,7232,5939,4887.2051
19137,2007,3350,2477,2050
19137,2008,3418,2711,1996
19137,2009,3435,2159,1520
19137,2010,3452,3126,2294
19137,2011,3924,3553,1776.7384
19137,2012,3924,3553,1776.7384
19137,2013,4555,3690,2362
19142,2007,1259,1101,711
19142,2008,1321,979,562
19142,2009,1838,1600,879
19142,2010,1353,1146,652
19142,2011,1850,1058,601.7167
19142,2012,1485,1335,1468.5
19142,2013,1654,1416,1165.3931
19212,2007,1676,1579,1075
19212,2008,1673,1581,958
19212,2009,1745,1614,935
19212,2010,1665,1256,731
19212,2011,1665,1159,674.5568
19212,2012,1665,1260,756
19212,2013,1755,1442,922.6802
19355,2007,3142,2462,2358
19355,2008,3210,2377,2026
19355,2009,3494,2847,2320
19355,2010,3293,2646,2206
19355,2011,3293,2440,2033.8651
19355,2012,3293,2440,2683.4849
19355,2013,4686,3823,3145.8594
19364,2007,1037,767,402
19364,2008,1046,953,444
19364,2009,1059,580,258
19364,2010,1071,925,416
19364,2011,1071,852,383.2824
19364,2012,1071,852,383.2824
19364,2013,1000,843,462.6988
19392,2007,1453,1341,988
19392,2008,1419,1196,784
19392,2009,1433,800,502
19392,2010,1446,1298,813
19392,2011,1447,1196,749.1691
19392,2012,1147,420,462
19392,2013,1650,1267,1042.7634
19397,2007,1982,1353,1156
19397,2008,2005,1322,1005
19397,2009,1975,1800,1309
19397,2010,2041,1658,1238
19397,2011,2041,1529,1141.4595
19397,2012,5101,4811,2405.3101
19397,2013,2901,2228,1324.1313
19450,2007,1131,1043,1042
19450,2008,1146,986,876
19450,2009,1157,720,612
19450,2010,1167,775,722
19450,2011,1204,800,664.9626
19450,2012,1936,980,1078
19450,2013,1908,1566,1288.6316
19455,2007,497,361,227
19455,2008,504,411,230
19455,2009,479,405,217
19455,2010,504,379,222
19455,2011,505,349,204.6579
19455,2012,578,418,418
19455,2013,562,422,347.522
19473,2007,5234,3533,4715
19473,2008,5271,4949,5876
19473,2009,5556,4722,5362
19473,2010,5314,3942,4557
19473,2011,5359,3975,4197.6069
19473,2012,6339,4680,4446
19473,2013,6915,5727,4712.9956
19517,2007,2221,1591,1062
19517,2008,2259,2101,1248
19517,2009,2300,1978,1124
19517,2010,2341,2222,1218
19517,2011,2341,2050,1123.6161
19517,2012,2800,2400,2640
19517,2013,4574,3183,2619.0999
19532,2007,1219,1017,825
19532,2008,1222,1087,785
19532,2009,1234,1107,764
19532,2010,1247,941,669
19532,2011,1305,1216,729.6
19532,2012,1766,1415,1259.75
19532,2013,1841,1546,1258.4867
19548,2007,5946,4577,5551
19548,2008,6026,5724,6176
19548,2009,6055,4930,5087
19548,2010,6085,5447,6074
19548,2011,6162,5516,5599.4941
19548,2012,14795,4653,5118.2998
19548,2013,8429,6965,5094.9224
19585,2007,153,141,129
19585,2008,166,132,107
19585,2009,188,125,97
19585,2010,170,133,104
19585,2011,170,123,95.8823
19585,2012,182,130,136
19585,2013,231,198,144.5976
19622,2007,1457,1025,904
19622,2008,1414,1260,988
19622,2009,1425,1360,1020
19622,2010,1426,1231,833
19622,2011,1426,1134,767.5499
19622,2012,1495,1425,1567.5
19622,2013,1393,1095,801.1752
19693,2007,30,25,41
19693,2008,30,28,41
19693,2009,30,26,36
19693,2010,30,25,35
19693,2011,115,5,4.738
19693,2012,115,105,115.5
19693,2013,230,164,134.784
19698,2007,2963,2167,1796
19698,2008,2793,2059,1519
19698,2009,2692,2650,1869
19698,2010,2834,1974,1526
19698,2011,2974,1821,1407.7954
19698,2012,2690,2615,1988.1711
19698,2013,3528,2913,2024.9486
19760,2007,632,458,449
19760,2008,633,575,501
19760,2009,753,458,382
19760,2010,639,550,425
19760,2011,745,695,521.25
19760,2012,805,775,697.5
19760,2013,911,760,625.5659
19780,2007,3133,2141,1700
19780,2008,3201,3018,2132
19780,2009,3228,3050,2061
19780,2010,3256,2319,1467
19780,2011,3278,2139,1353.2679
19780,2012,3765,2280,2508
19780,2013,3149,2276,1956.3591
19785,2007,899,820,474
19785,2008,947,638,328
19785,2009,953,762,375
19785,2010,958,836,387
19785,2011,1358,771,356.9941
19785,2012,1339,1239,619.5
19785,2013,1282,1066,584.6866
19807,2007,3737,3094,4035
19807,2008,3610,2641,3064
19807,2009,3770,2500,2774
19807,2010,3640,2441,2473
19807,2011,3727,2499,2282.1572
19807,2012,5044,570,627
19807,2013,4687,3860,3176.3398
19821,2007,1786,1216,861
19821,2008,1842,1497,944
19821,2009,1863,1727,1041
19821,2010,1884,1378,848
19821,2011,1884,1272,782.5787
19821,2012,388,366,402.6
19821,2013,2595,2232,1734.8983
19824,2007,285,244,183
19824,2008,398,354,236
19824,2009,410,182,116
19824,2010,399,366,235
19824,2011,399,337,216.6432
19824,2012,99,80,88
19824,2013,576,491,359.1826
20001,2007,4621,4621,2400
20001,2008,4621,4621,3234.7
20001,2009,4621,4621,2310.5
20001,2010,3612,3612,2528.3999
20001,2011,3950,3333,1999.8
20001,2012,3951,3400,2040
20001,2013,4221,3656,1625.5015
20011,2007,960,960,540
20011,2008,960,960,576
20011,2009,960,960,576
20011,2010,900,900,450
20011,2011,984,900,450
20011,2012,1020,900,936
20011,2013,1235,968,717.4418
20013,2007,5067,5067,3040
20013,2008,5067,5067,2533.5
20013,2009,5067,5067,2533.5
20013,2010,5543,5282,2641
20013,2011,6093,5543,1108.6
20013,2012,5753,5282,6338.3999
20013,2013,6720,5372,3184.8074
20045,2007,450,450,280
20045,2008,450,450,270
20045,2009,450,450,225
20045,2010,450,450,225
20045,2011,492,450,225
20045,2012,492,450,337.5
20045,2013,794,668,494.6436
20175,2007,263,263,163
20175,2008,263,263,170
20175,2009,263,263,131.5
20175,2010,269,269,161.4
20175,2011,294,269,134.5
20175,2012,295,272,136
20175,2013,255,227,117.694
20178,2007,362,362,170
20178,2008,362,362,181
20178,2009,362,362,181
20178,2010,362,362,162.9
20178,2011,396,362,181
20178,2012,496,362,271.5
20178,2013,84,80,44.5937
20228,2007,325,325,195
20228,2008,325,325,195
20228,2009,333,333,199.8
20228,2010,266,195,117
20228,2011,291,200,120
20228,2012,491,250,125
20228,2013,443,326,145.0741
20310,2007,160,160,104
20310,2008,160,160,96
20310,2009,110,110,77
20310,2010,120,110,55
20310,2011,295,270,81
20310,2012,295,119,89.25
20310,2013,121,114,67.4137
20383,2007,107,97,58
20383,2008,140,80,64
20383,2009,170,80,64
20383,2010,173,170,136
20383,2011,186,90,72
20383,2012,186,100,100
20383,2013,144,117,86.757
20400,2007,1200,1050,650
20400,2008,1200,1200,600
20400,2009,1200,1200,600
20400,2010,1193,1068,640.8
20400,2011,1304,985,591
20400,2012,1389,1189,594.5
20400,2013,2554,1997,739.7683
20517,2007,240,150,113
20517,2008,70,70,26.25
20517,2009,317,300,150
20517,2010,324,284,184.275
20517,2011,354,233,151.45
20517,2012,404,300,240
20517,2013,446,345,204.2805
20550,2007,28,28,16
20550,2008,28,28,17
20550,2009,28,28,14
20550,2010,28,28,14
20550,2011,31,28,14
20550,2012,30,30,24
20550,2013,21,21,12.7334
20614,2007,36,36,20
20614,2008,42,40,20
20614,2009,42,32,16
20614,2010,57,42,21
20614,2011,55,42,21
20614,2012,147,100,80
20614,2013,128,97,57.5376
20621,2007,3264,3264,2000
20621,2008,3229,3229,2099
20621,2009,3229,3229,1937.4
20621,2010,3402,3154,1892.4
20621,2011,4246,3372,2023.2
20621,2012,4261,4200,3150
20621,2013,5034,3968,2352.4031
20710,2007,18,14,7.5
20710,2008,68,18,11
20710,2009,81,68,40.8
20710,2010,101,81,48.6
20710,2011,98,90,45
20710,2012,99,90,72
20710,2013,35,33,19.3491
20770,2007,27,27,22
20770,2008,27,27,14
20770,2009,24,19,9.5
20770,2010,15,15,7.5
20770,2011,16,15,7.5
20770,2012,17,17,10.2
20770,2013,30,25,11.0262
25019,2007,509,459,513.0661
25019,2008,515,450,497.512
25019,2009,516,467,520.8264
25019,2010,514,455,496.8
25019,2011,529,488,732
25019,2012,544,479,479
25019,2013,405,341,218.7093
25035,2007,237,224,92.1865
25035,2008,245,235,104.0304
25035,2009,244,239,109.3217
25035,2010,251,244,114.1
25035,2011,247,245,116
25035,2012,107,107,53.5
25035,2013,138,129,58.0749
25040,2007,1228,1137,621.5861
25040,2008,1240,1126,665.0219
25040,2009,1271,1188,732.8406
25040,2010,1294,1189,730.3
25040,2011,1300,1168,710
25040,2012,1300,1168,710
25040,2013,1065,942,604.296
25053,2007,697,649,230.4
25053,2008,701,640,256.6544
25053,2009,718,676,305.243
25053,2010,678,625,319.6
25053,2011,369,156,187.2
25053,2012,369,327,392.4
25053,2013,538,484,372.6195
25086,2007,116,110,68.4533
25086,2008,119,112,74.1804
25086,2009,118,108,79.3295
25086,2010,122,117,80.1
25086,2011,92,60,60
25086,2012,70,60,54
25086,2013,71,60,34.5002
25095,2007,544,514,264.4152
25095,2008,578,547,292.337
25095,2009,590,555,298.2785
25095,2010,600,556,288.8
25095,2011,564,524,340
25095,2012,513,473,473
25095,2013,489,407,261.0827
25120,2007,18,15,3.5607
25120,2008,18,16,4.0395
25120,2009,28,19,7.7961
25120,2010,31,18,7
25120,2011,48,23,18.072
25120,2012,51,46,45.59
25120,2013,35,30,15.6053
25123,2007,1023,963,762.0191
25123,2008,1057,975,793.2056
25123,2009,1072,990,815.9464
25123,2010,1035,934,788.5
25123,2011,1378,1041,850
25123,2012,839,824,659.2
25123,2013,873,767,307.0488
25148,2007,1326,1214,1184.8904
25148,2008,1356,1240,1205.2548
25148,2009,1112,1021,1118.5216
25148,2010,1163,1044,1070.2
25148,2011,1316,933,933
25148,2012,695,443,424
25148,2013,683,577,369.6903
25151,2007,17,5,1.7877
25151,2008,21,18,16.7065
25151,2009,28,21,22.1522
25151,2010,44,22,25.6
25151,2011,65,19,38.76
25151,2012,86,68,51
25151,2013,92,66,84.6058
25168,2007,1353,1217,1118.3678
25168,2008,1369,1202,1141.776
25168,2009,1309,1174,1174.7698
25168,2010,1315,1212,1187.4
25168,2011,1084,964,602
25168,2012,1061,1033,330.2174
25168,2013,1116,984,482.4132
25245,2007,2041,1874,1199.0851
25245,2008,1961,1786,1092.0869
25245,2009,1931,1765,1109.5712
25245,2010,1883,1729,1131.1
25245,2011,1756,1457,1200
25245,2012,1647,1398,1258.5601
25245,2013,1738,1585,914.6429
25258,2007,623,529,580.7602
25258,2008,634,556,606.3038
25258,2009,636,574,655.031
25258,2010,640,587,640.2
25258,2011,531,469,388
25258,2012,658,656,656
25258,2013,499,465,234.8373
25281,2007,20,12,11.3895
25281,2008,22,12,4.4783
25281,2009,22,22,10.575
25281,2010,23,22,16
25281,2011,33,22,10.5468
25281,2012,43,31,12.576
25281,2013,38,25,18.2347
25290,2007,757,719,341.4127
25290,2008,790,732,365.7239
25290,2009,816,734,377.0515
25290,2010,840,746,391
25290,2011,880,800,640
25290,2012,910,855,684.288
25290,2013,733,622,446.6788
25293,2007,0,0,0.0094
25293,2008,3,0,0.0093
25293,2009,20,0,0.2333
25293,2010,35,7,3.8
25293,2011,57,19,28.5
25293,2012,77,8,6.4
25293,2013,71,48,18.5486
25297,2007,161,146,16.1108
25297,2008,206,174,23.6676
25297,2009,254,227,54.4193
25297,2010,261,249,68.5
25297,2011,175,55,38.5
25297,2012,215,95,76
25297,2013,330,295,151.0823
25299,2007,32,20,2.1723
25299,2008,37,34,9.9665
25299,2009,52,41,22.8981
25299,2010,57,45,24
25299,2011,58,36,18.05
25299,2012,64,40,19.75
25299,2013,79,66,32.1338
25320,2007,1268,1091,1067.5021
25320,2008,1274,1094,1090.587
25320,2009,1306,1120,1190.1547
25320,2010,1447,1248,1221.4
25320,2011,1280,1000,1000
25320,2012,2600,1730,1876
25320,2013,1287,1056,812.4157
25328,2007,1239,1161,629.4354
25328,2008,1284,1197,668.9336
25328,2009,1320,1211,722.0281
25328,2010,1382,1283,766.5
25328,2011,1424,1376,698
25328,2012,1070,978,593.2
25328,2013,1156,1013,395.0677
25335,2007,21,0,0
25335,2008,55,0,0.2016
25335,2009,78,30,23.8894
25335,2010,89,58,61.4
25335,2011,163,90,120
25335,2012,193,23,22.78
25335,2013,227,143,183.4857
25368,2007,198,186,105.2677
25368,2008,208,192,1137.6793
25368,2009,222,203,118.535
25368,2010,233,208,122.2
25368,2011,200,160,96
25368,2012,215,65,39
25368,2013,185,160,61.6056
25372,2007,42,35,3.8052
25372,2008,64,35,37.8476
25372,2009,81,69,29.6
25372,2010,94,68,29.5
25372,2011,92,72,55.7249
25372,2012,99,69,53.4149
25372,2013,138,120,59.3152
25386,2007,1335,1216,782.1455
25386,2008,1358,1240,8264.5361
25386,2009,1378,1282,883.1864
25386,2010,1366,1272,914.4
25386,2011,1388,1278,940
25386,2012,1262,1197,1316.7
25386,2013,1197,1041,620.6947
25394,2007,1818,1553,1752.3304
25394,2008,1851,1598,1789.8271
25394,2009,1766,1506,1828.2694
25394,2010,1817,1574,1779
25394,2011,1496,1365,1638
25394,2012,1290,1090,817.5
25394,2013,1358,1109,924.3322
25398,2007,241,201,182.9966
25398,2008,257,221,2108.324
25398,2009,246,216,219.6992
25398,2010,262,238,230.7
25398,2011,232,152,121.72
25398,2012,257,247,234.65
25398,2013,180,159,96.8295
25402,2007,1096,925,1069.5874
25402,2008,1104,926,1092.1726
25402,2009,1051,898,1158.9341
25402,2010,1112,978,1159.1
25402,2011,1004,905,905
25402,2012,982,837,935
25402,2013,832,715,514.3794
25426,2007,80,30,4.0015
25426,2008,119,66,170.8692
25426,2009,147,108,73.9856
25426,2010,162,131,116.7
25426,2011,155,116,139
25426,2012,165,155,137.2
25426,2013,175,146,112.6538
25436,2007,110,108,11.2728
25436,2008,138,108,112.7411
25436,2009,163,124,19.3676
25436,2010,172,141,35.3
25436,2011,151,111,66.6
25436,2012,173,107,64.2
25436,2013,215,184,188.5567
25438,2007,173,166,97.3565
25438,2008,173,173,969.7141
25438,2009,199,168,100.5029
25438,2010,225,175,100.5
25438,2011,155,80,80
25438,2012,65,41,41
25438,2013,283,230,147.358
25488,2007,786,741,561.1772
25488,2008,787,687,5257.2949
25488,2009,779,667,529.4767
25488,2010,773,680,551.9
25488,2011,721,70,75
25488,2012,719,719,539.25
25488,2013,683,590,454.2473
25489,2007,66,65,43.2019
25489,2008,66,62,442.7785
25489,2009,43,40,34.0137
25489,2010,48,44,32
25489,2011,64,60,48
25489,2012,43,37,27.585
25489,2013,41,35,33.3768
25491,2007,59,48,49.3164
25491,2008,66,55,592.2492
25491,2009,71,61,67.0374
25491,2010,67,62,64.7
25491,2011,67,60,61
25491,2012,69,54,23.76
25491,2013,67,62,47.8394
25506,2007,617,555,224.9175
25506,2008,626,589,246.0376
25506,2009,632,596,282.0669
25506,2010,607,555,287.6
25506,2011,648,610,549
25506,2012,358,243,133.65
25506,2013,493,401,141.5358
25513,2007,1273,1056,1103.2529
25513,2008,1278,1065,11231.7324
25513,2009,1264,1072,1208.2239
25513,2010,1296,1151,1215
25513,2011,1458,1263,1136.7
25513,2012,1568,1378,1378
25513,2013,1083,935,839.5237
25518,2007,1108,1011,819.4841
25518,2008,1111,981,8046.6138
25518,2009,1119,971,873.9476
25518,2010,1129,973,859
25518,2011,1246,1137,1227
25518,2012,1121,291,218.25
25518,2013,907,724,510.934
25524,2007,530,491,205.1083
25524,2008,531,519,2223.2476
25524,2009,541,519,249.0096
25524,2010,512,464,235.3
25524,2011,275,235,175
25524,2012,440,248,247.5
25524,2013,320,271,173.5528
25580,2007,1210,1132,709.0535
25580,2008,1212,1144,7417.0474
25580,2009,1159,1108,772.7595
25580,2010,1178,1095,758.9
25580,2011,929,696,670
25580,2012,925,751,600.456
25580,2013,829,734,371.6091
25592,2007,119,106,81.5095
25592,2008,120,113,90.6143
25592,2009,126,115,102.1437
25592,2010,135,124,105.7
25592,2011,136,125,75
25592,2012,95,77,42.35
25592,2013,96,88,43.2225
25594,2007,159,99,37.2383
25594,2008,208,172,55.746
25594,2009,226,195,84.4079
25594,2010,233,201,112.7
25594,2011,173,128,34
25594,2012,142,107,44.36
25594,2013,237,207,180.4699
25596,2007,2020,1884,823.1127
25596,2008,2022,1872,874.4609
25596,2009,2011,1876,931.313
25596,2010,1996,1857,936.7
25596,2011,2035,1750,1150
25596,2012,1710,1050,525
25596,2013,1711,1557,1996.9252
25599,2007,116,114,50.185
25599,2008,124,120,45.1839
25599,2009,129,121,46.3309
25599,2010,128,122,49.9
25599,2011,130,122,60
25599,2012,130,125,60
25599,2013,59,47,30.3501
25645,2007,553,505,260.4041
25645,2008,550,500,278.3176
25645,2009,557,488,293.0272
25645,2010,577,497,299.1
25645,2011,560,490,300
25645,2012,580,542,406.5
25645,2013,624,550,528.892
25649,2007,396,376,176.3649
25649,2008,389,359,185.3332
25649,2009,392,377,215.8322
25649,2010,399,360,217
25649,2011,400,350,220
25649,2012,85,0,0
25649,2013,311,276,177.1181
25653,2007,754,620,744.6256
25653,2008,780,652,791.6597
25653,2009,791,681,852.5244
25653,2010,762,678,841.3
25653,2011,831,791,988.75
25653,2012,715,708,849.6
25653,2013,746,679,478.8044
25658,2007,646,545,544.731
25658,2008,604,517,541.742
25658,2009,588,510,594.2526
25658,2010,613,559,634.9
25658,2011,590,515,257.645
25658,2012,595,544,407.97
25658,2013,613,518,414.9573
25662,2007,2997,2720,2018.1312
25662,2008,3025,2741,2095.8774
25662,2009,2997,2707,2295.051
25662,2010,3014,2739,2291.5
25662,2011,2619,2304,1843.6
25662,2012,2790,2710,2168
25662,2013,2544,2236,1147.2172
25718,2007,1299,1139,1275.7144
25718,2008,1324,1105,1229.2867
25718,2009,1295,1114,1274.5724
25718,2010,1306,1133,1284
25718,2011,1300,450,500
25718,2012,1280,704,528
25718,2013,1105,975,687.4455
25743,2007,645,591,363.2896
25743,2008,640,574,370.152
25743,2009,632,576,383.4248
25743,2010,642,594,430.2
25743,2011,686,526,33.8
25743,2012,669,603,150.75
25743,2013,619,535,262.0752
25777,2007,1181,950,1169.7286
25777,2008,1247,996,1242.9692
25777,2009,1263,1082,1437.8668
25777,2010,1253,1133,1502
25777,2011,1444,908,675
25777,2012,1134,1014,638.82
25777,2013,1028,887,363.9026
25797,2007,578,555,258.7478
25797,2008,575,544,264.9094
25797,2009,560,521,255.7231
25797,2010,567,528,258.8
25797,2011,604,584,286.16
25797,2012,470,454,340.125
25797,2013,517,461,413.922
25805,2007,1277,1178,584.7974
25805,2008,1274,1162,595.4651
25805,2009,1269,1148,619.8967
25805,2010,1283,1202,664.3
25805,2011,146,12,5.4
25805,2012,1267,1123,561.5
25805,2013,1143,1031,991.8674
25807,2007,39,11,2.2421
25807,2008,56,33,13.5866
25807,2009,87,56,26.1569
25807,2010,104,70,46.3
25807,2011,107,88,120
25807,2012,127,82,61.125
25807,2013,164,121,131.4134
25815,2007,394,369,168.224
25815,2008,395,384,195.7494
25815,2009,396,384,194.3888
25815,2010,398,377,191.6
25815,2011,390,370,185
25815,2012,390,370,185
25815,2013,161,151,97.1229
25823,2007,828,705,734.9526
25823,2008,861,746,783.3876
25823,2009,837,710,822.5988
25823,2010,818,687,789.8
25823,2011,1188,1065,1278.24
25823,2012,1188,1065,1278.24
25823,2013,663,569,729.8773
25862,2007,1366,1124,1253.9487
25862,2008,1380,1123,1303.4929
25862,2009,1333,1081,1358.7708
25862,2010,1427,1212,1400.1
25862,2011,1500,1210,1694
25862,2012,1595,1335,1001.25
25862,2013,1489,1219,1094.4197
25867,2007,1148,1042,814.9213
25867,2008,1170,1077,865.0444
25867,2009,1192,1097,917.4626
25867,2010,1186,1099,908.5
25867,2011,998,166,115
25867,2012,998,166,124.5
25867,2013,1141,977,501.0633
25871,2007,273,226,166.3901
25871,2008,275,242,179.6165
25871,2009,276,242,203.7621
25871,2010,293,251,204.8
25871,2011,72,20,24
25871,2012,79,53,21.2
25871,2013,206,187,95.8481
25875,2007,212,190,133.8677
25875,2008,216,201,160.7738
25875,2009,229,203,179.6058
25875,2010,235,212,179.2
25875,2011,203,80,68.8
25875,2012,219,170,170
25875,2013,168,146,93.3331
25878,2007,5075,4470,3729.9558
25878,2008,5115,4668,4107.5464
25878,2009,5171,4776,4359.2388
25878,2010,5144,4620,4208.6001
25878,2011,5001,4900,5000
25878,2012,4390,4380,4161
25878,2013,4248,3638,2332.668
25885,2007,1981,1770,1831.1696
25885,2008,1986,1768,1842.4912
25885,2009,1617,1422,1754.3994
25885,2010,1727,1577,1586
25885,2011,1000,1000,1000
25885,2012,1370,1256,1256
25885,2013,1142,992,636.2877
25898,2007,132,123,66.268
25898,2008,137,121,72.7481
25898,2009,140,131,80.9667
25898,2010,140,128,84.8
25898,2011,100,100,63
25898,2012,83,81,72.09
25898,2013,140,120,68.9716
27245,2007,290,290,205.9
27245,2008,90,90,68
27245,2009,135,70,78.75
27245,2010,190,158,98
27245,2011,210,158,98
27245,2012,200,70,140
27245,2013,165,125,105.9347
41001,2007,2927,2674,3743.614
41001,2008,3156,2718,3940.46
41001,2009,3042,2704,3190.9561
41001,2010,3219,2543,3000.9407
41001,2011,3489,2290,2519.22
41001,2012,3784,2442,2442.26
41001,2013,3934,2909,2851.8367
41006,2007,8837,8379,12149.5215
41006,2008,9335,8548,12822.2002
41006,2009,9554,8286,9943.2363
41006,2010,11404,8706,10447.5479
41006,2011,12697,7605,8517.4883
41006,2012,13858,7843,8626.9043
41006,2013,15868,12536,12289.0879
41013,2007,882,799,1118.5861
41013,2008,878,724,1049.39
41013,2009,880,750,899.58
41013,2010,977,792,934.9966
41013,2011,1037,717,802.592
41013,2012,1114,672,672.05
41013,2013,1224,953,933.9924
41016,2007,1077,1011,1414.854
41016,2008,929,745,1117.91
41016,2009,823,672,806.22
41016,2010,897,668,795.1937
41016,2011,929,579,723.9219
41016,2012,974,561,588.8505
41016,2013,1027,788,772.3765
41020,2007,4152,3848,4618.0679
41020,2008,4676,3884,5437.6099
41020,2009,4758,3872,4491.833
41020,2010,5033,3854,4548.145
41020,2011,5431,3436,3848.656
41020,2012,5750,3305,3469.9036
41020,2013,5989,4316,4231.2583
41026,2007,58,55,76.636
41026,2008,55,50,63.15
41026,2009,62,51,60.2036
41026,2010,62,48,56.8642
41026,2011,73,52,56.9552
41026,2012,80,55,54.54
41026,2013,99,75,73.7791
41078,2007,987,948,1231.8929
41078,2008,827,750,1120.37
41078,2009,759,660,778.9652
41078,2010,774,616,726.9626
41078,2011,781,490,553.135
41078,2012,794,456,478.4115
41078,2013,819,597,585.6642
41132,2007,1325,1179,1651.0761
41132,2008,1413,1083,1624.382
41132,2009,1463,1144,1372.932
41132,2010,1541,1108,1330.2
41132,2011,1650,1090,1308.36
41132,2012,1713,1039,1091.0236
41132,2013,1829,1352,1325.4254
41206,2007,1325,1261,1765.092
41206,2008,1481,1341,2011.25
41206,2009,1401,1216,1459.632
41206,2010,1452,1138,1366.02
41206,2011,1609,795,898.463
41206,2012,1598,878,966.053
41206,2013,1780,1152,1129.0962
41244,2007,547,534,773.923
41244,2008,561,404,606.74
41244,2009,534,396,474.924
41244,2010,572,422,505.8
41244,2011,712,467,523.264
41244,2012,822,458,503.943
41244,2013,979,721,707.1851
41298,2007,7970,7485,10853.4531
41298,2008,8088,7056,10442.6299
41298,2009,8146,6676,8011.2598
41298,2010,8510,6108,7329.7681
41298,2011,8995,5677,6358.0161
41298,2012,9467,5712,5711.6001
41298,2013,10234,7846,7691.7476
41306,2007,4412,4091,5932.0225
41306,2008,4522,3730,5222.46
41306,2009,4634,3669,4476.0581
41306,2010,4816,3546,4325.7539
41306,2011,4939,3364,3700.1799
41306,2012,5294,2897,3186.7771
41306,2013,5661,4190,4107.5317
41319,2007,2667,2443,3419.5979
41319,2008,3097,2734,4264.3799
41319,2009,3097,2569,3082.5359
41319,2010,3595,2555,3065.436
41319,2011,4245,2337,2570.8101
41319,2012,4763,2610,2870.769
41319,2013,5358,4129,4047.5557
41349,2007,965,916,1283.058
41349,2008,953,816,1141.84
41349,2009,864,715,857.544
41349,2010,891,655,773.4074
41349,2011,948,631,694.43
41349,2012,1008,579,607.656
41349,2013,1067,722,707.8027
41357,2007,1420,1288,1609.7625
41357,2008,1608,1387,1941.9399
41357,2009,1629,1376,1720.5125
41357,2010,1890,1408,1689.468
41357,2011,2191,1499,1648.46
41357,2012,2415,1488,1487.87
41357,2013,2591,1933,1895.0222
41359,2007,2001,1819,2637.666
41359,2008,2429,2198,3297.72
41359,2009,2541,2166,2599.7041
41359,2010,2753,2066,2478.78
41359,2011,3147,1815,2032.464
41359,2012,3580,2085,2293.863
41359,2013,4208,3123,3061.8315
41378,2007,1813,1688,2531.5
41378,2008,1877,1574,2329
41378,2009,1878,1512,1889.55
41378,2010,2045,1471,1765.5959
41378,2011,2237,1396,1563.632
41378,2012,2392,1379,1447.8765
41378,2013,2475,1798,1762.7963
41396,2007,6069,5555,8333.2002
41396,2008,6599,5599,8118.7998
41396,2009,6983,5670,6917.5952
41396,2010,7830,5714,6856.7998
41396,2011,8824,5193,5816.1602
41396,2012,9632,5530,5806.9727
41396,2013,10982,8235,8072.5537
41483,2007,1132,1040,1560.0001
41483,2008,1314,1070,1444.23
41483,2009,1359,1026,1282.8375
41483,2010,1585,1093,1300.2178
41483,2011,1749,872,1090
41483,2012,1853,1007,1108.019
41483,2013,2061,1518,1488.4629
41503,2007,1887,1763,2556.3789
41503,2008,2024,1820,2729.9299
41503,2009,2059,1739,2086.2361
41503,2010,2353,1769,2105.5146
41503,2011,2688,1669,1868.944
41503,2012,2819,1584,1741.85
41503,2013,3265,2711,2657.9287
41518,2007,864,795,1113.364
41518,2008,1005,845,1225.1801
41518,2009,1036,847,1016.688
41518,2010,1204,888,1020.7285
41518,2011,1458,939,1032.5699
41518,2012,1602,980,980.16
41518,2013,1696,1258,1232.932
41524,2007,1945,1782,2672.6001
41524,2008,2063,1722,2496.52
41524,2009,2018,1681,2050.9907
41524,2010,2167,1621,1945.08
41524,2011,2313,1505,1655.83
41524,2012,2438,1402,1471.5959
41524,2013,2542,1973,1934.2645
41530,2007,2942,2788,4043.1365
41530,2008,3270,2894,4340.9702
41530,2009,3356,2770,3323.436
41530,2010,3740,2702,3241.968
41530,2011,4141,2494,2793.168
41530,2012,4536,2491,2739.8469
41530,2013,4959,3957,3879.1851
41548,2007,3177,2887,4041.9399
41548,2008,3575,2889,4333.1602
41548,2009,3754,2919,3590.3701
41548,2010,4054,2777,3360.0491
41548,2011,4382,2777,3137.5581
41548,2012,4681,2720,2856.5039
41548,2013,4999,3821,3745.4202
41551,2007,11316,10733,16098.7803
41551,2008,12279,10882,16323.3203
41551,2009,12850,10607,12728.3643
41551,2010,14945,11226,13470.8877
41551,2011,16855,9789,7831.04
41551,2012,18536,10275,11302.0273
41551,2013,20465,16178,15859.9512
41615,2007,688,662,959.32
41615,2008,702,626,845.64
41615,2009,708,605,725.832
41615,2010,723,570,570.03
41615,2011,788,546,617.545
41615,2012,819,471,494.592
41615,2013,802,585,573.7043
41660,2007,2091,2019,2928.2605
41660,2008,2250,2034,2948.75
41660,2009,2340,1992,2389.8721
41660,2010,2767,2083,2499.6121
41660,2011,2943,1675,1876
41660,2012,3317,1818,1999.855
41660,2013,4077,3236,3171.9119
41668,2007,4090,3898,5652.2451
41668,2008,4068,3747,5620.1099
41668,2009,4112,3633,4359.4199
41668,2010,4753,3809,4570.6318
41668,2011,5459,3172,3552.752
41668,2012,6149,3379,3716.9771
41668,2013,7136,5381,5275.4585
41676,2007,2467,2298,3332.6655
41676,2008,2616,2232,3235.8501
41676,2009,2523,2122,2588.2544
41676,2010,2798,2119,2542.656
41676,2011,3078,1847,2068.304
41676,2012,3230,1855,1948.2015
41676,2013,3202,2505,2455.8157
41770,2007,2462,2268,3288.687
41770,2008,2983,2594,3890.72
41770,2009,3199,2663,3275.2195
41770,2010,3939,3013,3616.104
41770,2011,4616,2656,2921.71
41770,2012,5278,2999,3148.656
41770,2013,6574,5011,4912.5625
41791,2007,2483,2186,3169.2795
41791,2008,2823,2364,3427.5701
41791,2009,2879,2233,2679.636
41791,2010,3504,2424,2908.272
41791,2011,3711,2369,2606.01
41791,2012,3942,2266,2379.2791
41791,2013,4368,3284,3219.8203
41797,2007,436,403,604.8
41797,2008,462,406,589.06
41797,2009,445,388,465.084
41797,2010,479,377,451.824
41797,2011,624,373,409.97
41797,2012,672,404,404.17
41797,2013,745,544,533.1582
41799,2007,2896,2611,3656.0859
41799,2008,2976,2511,3766.1599
41799,2009,2869,2396,2971.6477
41799,2010,3061,2298,2757.6721
41799,2011,3153,2047,2313.3359
41799,2012,3269,1899,1993.7925
41799,2013,3411,2592,2541.1626
41801,2007,2332,2021,2930.5225
41801,2008,2337,1864,2609.1899
41801,2009,2364,1931,2355.5637
41801,2010,2499,1905,2381.7
41801,2011,2623,1789,2057.1201
41801,2012,2739,1587,1666.3395
41801,2013,2860,2201,2157.925
41807,2007,3786,3534,5300.9248
41807,2008,3808,3292,4937.8799
41807,2009,3944,3072,3686.7241
41807,2010,4391,3047,3595.9319
41807,2011,4637,2842,3182.592
41807,2012,4898,2685,2953.4561
41807,2013,5207,4069,3988.7754
50001,2007,13,5,2
50001,2008,21,5,2
50001,2009,21,10,5
50001,2010,95,20,26
50001,2011,95,80,100
50001,2012,107,95,71.25
50001,2013,128,92,69.0629
50223,2007,527,517,672
50223,2008,518,517,672.1
50223,2009,517,517,672.1
50223,2010,720,517,750
50223,2011,720,625,865
50223,2012,450,450,337.5
50223,2013,373,300,224.2282
50226,2007,18,18,21
50226,2008,18,18,18
50226,2009,19,18,18
50226,2010,19,18,18
50226,2011,36,36,36
50226,2012,12,12,9
50226,2013,25,12,8.9048
50251,2007,248,210,123
50251,2008,196,196,117.6
50251,2009,196,196,117.6
50251,2010,202,196,117.6
50251,2011,206,200,120
50251,2012,225,196,117.6
50251,2013,210,103,57.6459
50270,2007,156,155,85
50270,2008,153,140,84
50270,2009,153,140,84
50270,2010,153,95,57
50270,2011,213,95,57
50270,2012,196,136,81.6
50270,2013,212,133,91.9898
50330,2007,541,370,200
50330,2008,604,450,270.5
50330,2009,600,450,250
50330,2010,600,541,270.5
50330,2011,700,500,250
50330,2012,952,750,375
50330,2013,1536,1059,594.0607
50400,2007,710,660,420
50400,2008,721,680,408
50400,2009,709,700,420
50400,2010,815,730,876
50400,2011,950,800,960
50400,2012,1000,815,978
50400,2013,855,584,420.0891
50606,2007,47,38,42
50606,2008,47,47,23.5
50606,2009,47,47,23.5
50606,2010,48,48,24
50606,2011,40,40,20
50606,2012,20,20,15
50606,2013,23,15,11.0955
50683,2007,127,15,9
50683,2008,106,15,9
50683,2009,104,60,30
50683,2010,104,90,29.7
50683,2011,195,90,29.7
50683,2012,240,180,59.4
50683,2013,242,185,173.3301
52001,2007,220,180,260
52001,2008,229,180,252
52001,2009,234,220,312.4
52001,2010,234,219,328.5
52001,2011,234,219,262.8
52001,2012,239,224,268.8
52001,2013,293,241,183.9193
52019,2007,1472,1005,1440
52019,2008,1498,1400,1960
52019,2009,1524,1470,2205
52019,2010,1515,1250,1875
52019,2011,1565,1375,2062.5
52019,2012,745,535,401.25
52019,2013,1887,1570,1559.6553
52036,2007,280,255,288
52036,2008,290,260,129.75
52036,2009,205,178,35.64
52036,2010,213,178,213.24
52036,2011,213,184,147.04
52036,2012,182,172,34.38
52036,2013,330,278,254.4509
52051,2007,1040,1040,1248
52051,2008,1140,1040,1368
52051,2009,1340,1040,1040
52051,2010,1460,1140,798
52051,2011,1410,160,112
52051,2012,460,0,0
52051,2013,1873,1564,955.6439
52110,2007,1950,1800,1710
52110,2008,2000,1850,1850
52110,2009,2035,1785,1249.5
52110,2010,2420,1940,1940.25
52110,2011,2780,2140,2140
52110,2012,2940,2480,2976
52110,2013,2998,2276,2086.2605
52203,2007,2205,1788,2682
52203,2008,2300,2201,3302
52203,2009,2490,2200,2458
52203,2010,3412,2357,2318
52203,2011,4447,2997,2997
52203,2012,4460,4395,5274
52203,2013,2612,2061,2204.2935
52207,2007,1650,1637,1637
52207,2008,1729,1449,2028.6
52207,2009,1754,1449,1738.8
52207,2010,1799,819,737.1
52207,2011,1841,1705,1705
52207,2012,1871,1629,1954.8
52207,2013,1909,1550,1420.7496
52233,2007,56,46,36.8
52233,2008,180,50,50
52233,2009,180,100,100
52233,2010,180,140,126
52233,2011,165,130,117
52233,2012,162,155,139.5
52233,2013,64,52,31.7949
52240,2007,447,427,417
52240,2008,462,417,417
52240,2009,467,447,223.5
52240,2010,477,427,427
52240,2011,472,407,407
52240,2012,482,467,467
52240,2013,483,393,300.5143
52256,2007,516,466,326.2
52256,2008,980,260,182
52256,2009,980,513,515
52256,2010,1362,972,874.8
52256,2011,1702,1052,841.6
52256,2012,1902,1402,701
52256,2013,886,744,738.7585
52258,2007,650,570,622
52258,2008,800,670,670
52258,2009,820,770,770
52258,2010,845,760,760
52258,2011,886,776,775.5
52258,2012,765,725,725
52258,2013,1834,1468,1121.722
52260,2007,491,461,461
52260,2008,591,491,491
52260,2009,651,571,378.6
52260,2010,601,571,342.6
52260,2011,590,490,196
52260,2012,440,140,70
52260,2013,1697,1427,1090.5659
52287,2007,34,26,28.6
52287,2008,64,29,33
52287,2009,68,58,63
52287,2010,78,64,83
52287,2011,81,74,65.4
52287,2012,135,75,75
52287,2013,130,96,55.2377
52320,2007,98,91,80.9
52320,2008,111,90,58.5
52320,2009,139,86,52
52320,2010,146,135,83
52320,2011,136,110,76.8
52320,2012,48,41,15.51
52320,2013,107,87,53.4621
52378,2007,75,73,58.4
52378,2008,81,74,59.2
52378,2009,84,79,63.2
52378,2010,89,84,67.2
52378,2011,88,86,73.96
52378,2012,97,88,44
52378,2013,175,150,91.528
52381,2007,1211,1026,1231
52381,2008,1225,1025,717.5
52381,2009,1225,1025,1230
52381,2010,1239,1039,1246.8
52381,2011,1239,1224,1591.2
52381,2012,1245,1214,1456.8
52381,2013,1388,1160,1241.4619
52399,2007,4424,3684,7000
52399,2008,4480,4300,7095
52399,2009,4442,3782,4338
52399,2010,3554,2814,3376.8
52399,2011,4035,2035,2442
52399,2012,4909,3307,3968.3999
52399,2013,5208,4339,4309.4326
52405,2007,576,476,571.2
52405,2008,582,476,571.2
52405,2009,630,580,696
52405,2010,637,587,704.4
52405,2011,647,443,443
52405,2012,658,635,762
52405,2013,910,729,810.6039
52411,2007,670,640,768
52411,2008,706,641,769.2
52411,2009,742,670,611.072
52411,2010,755,670,651.2
52411,2011,810,700,630
52411,2012,678,538,482.048
52411,2013,866,692,475.4864
52418,2007,959,869,873
52418,2008,1039,869,887
52418,2009,1059,959,593.4
52418,2010,724,604,302
52418,2011,724,654,523.2
52418,2012,1025,1004,401.6
52418,2013,1057,841,642.3462
52435,2007,56,41,26.65
52435,2008,59,56,56
52435,2009,58,57,68.4
52435,2010,66,59,59
52435,2011,65,45,45
52435,2012,68,66,66
52435,2013,56,44,33.8913
52540,2007,180,100,70
52540,2008,190,100,100
52540,2009,210,170,34
52540,2010,360,190,84
52540,2011,500,419,419
52540,2012,440,170,127.5
52540,2013,378,370,206.3638
52565,2007,76,76,68.7
52565,2008,55,30,24
52565,2009,35,30,24
52565,2010,35,30,24
52565,2011,40,35,28
52565,2012,40,33,26.4
52565,2013,76,53,24.5452
52683,2007,1468,1327,1991
52683,2008,1498,1100,1235
52683,2009,1528,1132,1698
52683,2010,1489,1132,1358.4
52683,2011,1291,1072,751
52683,2012,1573,1353,1028.28
52683,2013,1794,1534,1172.009
52685,2007,229,218,187.5
52685,2008,226,215,215
52685,2009,236,220,198
52685,2010,141,105,94.5
52685,2011,124,70,35
52685,2012,204,120,90
52685,2013,354,314,359.5377
52687,2007,2680,1796,2712
52687,2008,2900,2062,2680.6001
52687,2009,3125,2700,2700
52687,2010,3080,1580,1738
52687,2011,3080,1380,1380
52687,2012,3100,2400,2835
52687,2013,3587,2965,3397.8047
52693,2007,850,850,1445
52693,2008,870,850,1020
52693,2009,870,820,820
52693,2010,900,590,708
52693,2011,220,210,189
52693,2012,2000,220,264
52693,2013,1146,929,851.8704
52694,2007,385,319,414.7
52694,2008,369,319,414.7
52694,2009,363,358,429.6
52694,2010,353,313,313
52694,2011,373,348,348
52694,2012,751,31,37.2
52694,2013,949,822,628.128
52699,2007,164,152,182.4
52699,2008,155,144,115
52699,2009,155,155,109
52699,2010,159,151,226.5
52699,2011,184,150,90
52699,2012,189,179,53.7
52699,2013,153,117,71.7433
52786,2007,1355,1225,1139.25
52786,2008,1398,1203,1022
52786,2009,1380,960,1248
52786,2010,990,580,1044
52786,2011,1350,1250,1250
52786,2012,1220,1170,1170
52786,2013,1882,1549,946.9892
52788,2007,35,25,12.5
52788,2008,37,12,6.25
52788,2009,37,32,28.8
52788,2010,50,37,33.75
52788,2011,42,32,32
52788,2012,45,35,35
52788,2013,94,76,87.5322
52885,2007,135,127,125
52885,2008,145,117,128.7
52885,2009,150,135,121.5
52885,2010,150,130,156.6
52885,2011,150,115,138
52885,2012,397,207,248.4
52885,2013,360,263,241.4414
54001,2007,69,67,24.1656
54001,2008,69,67,24.1656
54001,2009,84,84,13.721
54001,2010,71,71,36.5049
54001,2011,56,50,20.3963
54001,2012,48,42,17.3689
54001,2013,56,51,18.5505
54003,2007,492,456,188.0587
54003,2008,492,456,188.0587
54003,2009,595,595,193.936
54003,2010,614,539,382.4742
54003,2011,671,419,213.6984
54003,2012,658,411,209.658
54003,2013,666,571,299.4476
54051,2007,2128,2066,757.0988
54051,2008,2128,2066,757.0988
54051,2009,2296,2296,456.078
54051,2010,2170,1991,1001.3086
54051,2011,2127,1388,559.4575
54051,2012,1745,1139,459.0208
54051,2013,1798,1560,768.1373
54099,2007,773,748,263.6825
54099,2008,773,748,263.6825
54099,2009,795,795,142.616
54099,2010,780,733,352.9895
54099,2011,808,517,197.2245
54099,2012,550,352,134.2255
54099,2013,550,488,257.4556
54109,2007,908,858,441.4969
54109,2008,908,858,441.4969
54109,2009,993,993,500.969
54109,2010,1024,946,774.0967
54109,2011,1078,699,432.5082
54109,2012,1032,669,413.954
54109,2013,1067,829,516.363
54128,2007,757,663,327.6869
54128,2008,757,663,327.6869
54128,2009,941,941,344.432
54128,2010,1008,885,783.3642
54128,2011,1067,639,437.6862
54128,2012,1115,668,457.2904
54128,2013,1131,872,617.8019
54172,2007,852,823,318.4713
54172,2008,852,823,318.4713
54172,2009,788,788,184.587
54172,2010,696,653,424.6414
54172,2011,607,431,237.2583
54172,2012,532,378,207.8556
54172,2013,525,458,243.9279
54174,2007,57,53,16.0644
54174,2008,57,53,16.0644
54174,2009,98,98,13.419
54174,2010,122,79,31.7593
54174,2011,148,58,17.7448
54174,2012,155,61,18.4702
54174,2013,170,140,61.5813
54206,2007,2905,2642,1694.9856
54206,2008,2905,2642,1694.9856
54206,2009,2944,2944,1262.911
54206,2010,2990,2607,2991.4866
54206,2011,2971,1764,1671.4224
54206,2012,3079,1828,1732.0079
54206,2013,3079,2459,2019.7441
54223,2007,1541,1511,724.1194
54223,2008,1541,1511,724.1194
54223,2009,1630,1630,549.484
54223,2010,1668,1508,1064.5675
54223,2011,1696,1176,594.8019
54223,2012,1571,1089,550.8828
54223,2013,1533,1324,797.2667
54239,2007,1590,1562,610.4144
54239,2008,1590,1562,610.4144
54239,2009,1625,1625,413.317
54239,2010,1563,1530,848.2886
54239,2011,1208,1043,473.9612
54239,2012,806,696,316.2645
54239,2013,843,757,459.2167
54245,2007,1710,1519,824.5613
54245,2008,1710,1519,824.5613
54245,2009,1761,1761,665.715
54245,2010,1966,1669,1483.1947
54245,2011,1822,1204,828.7
54245,2012,1905,1259,866.7496
54245,2013,1898,1550,1025.9812
54261,2007,734,671,425.9537
54261,2008,734,671,425.9537
54261,2009,806,806,327.577
54261,2010,840,752,798.1394
54261,2011,890,518,445.9415
54261,2012,864,503,432.8011
54261,2013,946,764,489.0714
54313,2007,1464,1409,507.2737
54313,2008,1464,1409,507.2737
54313,2009,1435,1435,396.057
54313,2010,1367,1263,642.7241
54313,2011,1379,878,359.1069
54313,2012,1055,672,274.6093
54313,2013,1133,917,468.2679
54344,2007,1179,1093,627.87
54344,2008,1179,1093,627.87
54344,2009,1244,1244,642.236
54344,2010,1275,1153,1063.8021
54344,2011,1182,823,594.3743
54344,2012,1084,755,545.2995
54344,2013,1030,856,671.4637
54347,2007,131,125,60.1769
54347,2008,131,125,60.1769
54347,2009,137,137,59.329
54347,2010,145,127,95.2836
54347,2011,143,97,53.2375
54347,2012,131,88,48.4979
54347,2013,131,113,69.6563
54377,2007,1035,1006,310.25
54377,2008,1035,1006,310.25
54377,2009,1064,1064,242.736
54377,2010,1106,1002,621.2639
54377,2011,1116,667,347.1165
54377,2012,997,596,310.0834
54377,2013,1103,975,473.5399
54398,2007,134,121,57.7925
54398,2008,134,121,57.7925
54398,2009,162,162,45.345
54398,2010,171,145,109.7721
54398,2011,185,110,61.3326
54398,2012,199,118,66.1953
54398,2013,217,156,104.7708
54405,2007,254,252,106.2219
54405,2008,254,252,106.2219
54405,2009,257,257,53.891
54405,2010,225,211,133.4328
54405,2011,213,140,74.5524
54405,2012,163,107,57.1696
54405,2013,180,156,79.6373
54418,2007,1425,1337,479.36
54418,2008,1425,1337,479.36
54418,2009,1464,1464,479.292
54418,2010,1521,1380,789.7601
54418,2011,1549,935,441.2598
54418,2012,1458,880,415.4221
54418,2013,1514,1261,649.9156
54520,2007,361,352,110.5462
54520,2008,361,352,110.5462
54520,2009,465,465,70.935
54520,2010,478,461,222.5342
54520,2011,496,325,124.3357
54520,2012,390,255,97.7451
54520,2013,411,366,139.6072
54599,2007,357,333,130.5875
54599,2008,357,333,130.5875
54599,2009,376,376,104.282
54599,2010,392,368,232.7366
54599,2011,395,244,130.0361
54599,2012,344,213,113.5084
54599,2013,364,297,153.1667
54660,2007,2604,2489,857.9275
54660,2008,2604,2489,857.9275
54660,2009,2520,2520,456.213
54660,2010,2492,2307,1176.1335
54660,2011,2355,1604,657.1368
54660,2012,1999,1362,1361.7894
54660,2013,2047,1729,828.4423
54670,2007,1918,1755,1143.5906
54670,2008,1918,1755,1143.5906
54670,2009,2000,2000,959.105
54670,2010,2044,1772,1917.1764
54670,2011,1808,1214,1071.1769
54670,2012,1811,1217,1073.2684
54670,2013,1806,1532,1168.2473
54673,2007,213,212,56.7088
54673,2008,213,212,56.7088
54673,2009,200,200,28.978
54673,2010,178,176,55.9507
54673,2011,178,144,31.2611
54673,2012,105,85,18.4173
54673,2013,105,101,36.061
54680,2007,540,529,142.2481
54680,2008,540,529,142.2481
54680,2009,499,499,54.248
54680,2010,469,443,139.6375
54680,2011,468,362,78.0192
54680,2012,347,268,57.7727
54680,2013,317,266,106.5787
54720,2007,2303,2187,980.8981
54720,2008,2303,2187,980.8981
54720,2009,2290,2290,612.337
54720,2010,2258,2108,1397.7837
54720,2011,2190,1387,780.9785
54720,2012,1815,1149,647.0002
54720,2013,1784,1491,876.059
54800,2007,868,840,499.1675
54800,2008,868,840,499.1675
54800,2009,906,906,109.825
54800,2010,919,857,772.949
54800,2011,629,615,431.8669
54800,2012,632,618,434.0107
54800,2013,614,488,340.319
54820,2007,1662,1606,543.9694
54820,2008,1662,1606,543.9694
54820,2009,1746,1746,433.266
54820,2010,1807,1629,861.0335
54820,2011,1869,1122,481.0821
54820,2012,1645,988,423.6255
54820,2013,1674,1439,686.3359
54871,2007,326,319,99.8006
54871,2008,326,319,99.8006
54871,2009,365,365,96.807
54871,2010,393,350,202.6102
54871,2011,442,237,113.2036
54871,2012,407,218,104.3178
54871,2013,464,364,165.2
54874,2007,187,182,55.9094
54874,2008,187,182,55.9094
54874,2009,191,191,37.117
54874,2010,191,188,71.8189
54874,2011,179,142,40.1271
54874,2012,150,119,33.5215
54874,2013,140,131,53.5029
63001,2007,2103,1820,2608
63001,2008,2071,1820,2467
63001,2009,2040,1643,2130
63001,2010,2002,1541,1988
63001,2011,2452,1764,2116.3201
63001,2012,2333,1477,1473.011
63001,2013,2280,1565,1665.2244
63111,2007,1137,990,1274
63111,2008,1120,955,1163
63111,2009,1103,975,1135
63111,2010,1083,940,1202
63111,2011,1244,781,777.4
63111,2012,1244,806,631.7185
63111,2013,1198,845,719.4615
63130,2007,4736,3776,4744
63130,2008,4664,3711,4410
63130,2009,4594,3898,4430
63130,2010,4509,3624,3825
63130,2011,5080,3367,4021.7051
63130,2012,4978,3322,3594.4675
63130,2013,4668,3216,3630.033
63190,2007,2237,1874,2379
63190,2008,2203,1807,2170
63190,2009,2170,1801,2069
63190,2010,2130,1752,2176
63190,2011,2707,2072,2482.78
63190,2012,2550,1789,1427.754
63190,2013,2469,1803,1918.8883
63212,2007,1517,1328,1375
63212,2008,1494,1307,1281
63212,2009,1471,1226,1149
63212,2010,1444,1168,1190
63212,2011,2154,1320,1174.04
63212,2012,2103,1640,1397.929
63212,2013,2021,1610,1541.8561
63272,2007,2289,1920,2722
63272,2008,2255,1902,2551
63272,2009,2221,1837,2356
63272,2010,2180,1745,2077
63272,2011,2502,1641,1471.3199
63272,2012,2430,1657,1317.514
63272,2013,2292,1713,1640.6528
63302,2007,1043,931,886
63302,2008,1027,916,825
63302,2009,1011,854,735
63302,2010,993,787,732
63302,2011,4870,2798,2160.3799
63302,2012,4784,3780,2384.3821
63302,2013,4524,3632,2705.2593
63401,2007,482,392,687
63401,2008,475,379,628
63401,2009,468,349,553
63401,2010,459,339,493
63401,2011,647,404,443.85
63401,2012,653,339,372.878
63401,2013,590,362,423.9182
63470,2007,1113,930,1413
63470,2008,1096,944,1357
63470,2009,1079,866,1190
63470,2010,1059,834,1192
63470,2011,1608,1060,1055.72
63470,2012,1580,903,809.453
63470,2013,1485,958,1019.306
63548,2007,2626,2368,2585
63548,2008,2586,2330,2406
63548,2009,2547,2278,2250
63548,2010,2500,2173,2270
63548,2011,3385,2018,1750.915
63548,2012,3270,2630,1972.3875
63548,2013,3265,2635,2439.627
63594,2007,3610,2964,4164
63594,2008,3556,2924,3886
63594,2009,3502,2727,3466
63594,2010,3437,2690,3472
63594,2011,3775,2574,3089
63594,2012,3623,2304,2301.364
63594,2013,3472,2387,2540.1936
63690,2007,677,611,589
63690,2008,667,576,525
63690,2009,657,598,522
63690,2010,644,566,448
63690,2011,654,340,270.68
63690,2012,633,463,347.2725
63690,2013,614,476,354.8539
66001,2007,7919,7098,12265.5498
66001,2008,7291,6639,11750
66001,2009,6955,5672,9287
66001,2010,6487,6137,11394
66001,2011,6047,5314,5504.8999
66001,2012,6047,5123,3842.5125
66001,2013,5345,3996,3731.7769
66045,2007,4851,4451,7410.6001
66045,2008,4841,3864,6075
66045,2009,4847,3897,4722
66045,2010,4851,4236,6227
66045,2011,4905,4088,5108.48
66045,2012,4905,4367,5240.3999
66045,2013,5079,3817,3059.2219
66075,2007,2487,2207,2391
66075,2008,2434,2162,1662
66075,2009,2465,2166,1615
66075,2010,2486,2220,2608
66075,2011,2524,2134,2337
66075,2012,2584,1869,1812.8136
66075,2013,2724,1998,1467.7877
66088,2007,8040,7187,11265
66088,2008,7949,6832,10075
66088,2009,7893,5682,9514
66088,2010,7839,6875,11318
66088,2011,7939,6841,9132.5
66088,2012,7939,6462,4859.0444
66088,2013,8000,6069,7208.6367
66170,2007,1911,1022,1806.41
66170,2008,1856,1695,1421
66170,2009,1882,1679,1160
66170,2010,1743,1624,2105
66170,2011,1737,1507,1130
66170,2012,1704,1294,970.6725
66170,2013,1408,1000,1001.8313
66318,2007,2620,2094,2655.3999
66318,2008,2990,2687,2518
66318,2009,2479,2479,2204
66318,2010,2447,2185,2900
66318,2011,2507,2088,1611
66318,2012,2566,2517,1887.585
66318,2013,2819,2220,1792.4399
66383,2007,3754,3044,3248.6201
66383,2008,3782,3340,2369
66383,2009,3838,3445,2566
66383,2010,3684,3433,4067
66383,2011,3740,3219,3431.7
66383,2012,3766,2738,2299.6345
66383,2013,3688,2794,2052.5447
66400,2007,61,58,46.4
66400,2008,63,41,49
66400,2009,65,43,60
66400,2010,65,47,81
66400,2011,67,44,55.94
66400,2012,65,60,67.48
66400,2013,71,61,51.5611
66440,2007,5219,4013,5977.3999
66440,2008,5046,4339,4778
66440,2009,4982,4207,4775
66440,2010,4898,4206,6057
66440,2011,4876,4333,4382.7998
66440,2012,4876,4373,3278.25
66440,2013,4964,3366,3369.5002
66456,2007,1589,1500,2498.7
66456,2008,1609,1417,1522
66456,2009,1599,1509,1434
66456,2010,1551,1266,1798
66456,2011,1595,1278,1030.23
66456,2012,1559,1451,1088.1525
66456,2013,1742,1432,1472.3058
66572,2007,513,484,784.5
66572,2008,570,492,357
66572,2009,604,386,353
66572,2010,601,474,480
66572,2011,442,225,224
66572,2012,442,377,377.2
66572,2013,409,241,160.8008
66594,2007,3890,3533,3763.3701
66594,2008,3881,3451,3456
66594,2009,4029,2913,3436
66594,2010,4064,3410,5064
66594,2011,4095,3417,2902.3601
66594,2012,4083,3719,2837.1899
66594,2013,3996,3374,3308.7754
66682,2007,6696,6084,9578.5996
66682,2008,6482,5768,6021
66682,2009,6269,6022,5890
66682,2010,5852,5852,8909
66682,2011,6428,5475,4751
66682,2012,6069,5416,4062
66682,2013,5540,4118,4400.4868
66687,2007,6167,4915,9151
66687,2008,6279,4500,8026
66687,2009,6346,5328,6632
66687,2010,6329,5343,9083
66687,2011,6333,4771,7440.3999
66687,2012,6333,5822,4366.5
66687,2013,6487,5130,5996.2466
68001,2007,610,378,254
68001,2008,597,320,200
68001,2009,614,564,277.48
68001,2010,554,554,272.1163
68001,2011,600,544,217.6
68001,2012,606,550,220
68001,2013,534,394,305.4611
68013,2007,50,40,24
68013,2008,51,34,21
68013,2009,65,60,19.34
68013,2010,68,58,18.7689
68013,2011,74,46,13.8
68013,2012,62,38,30.4
68013,2013,85,70,83.5988
68020,2007,503,418,251
68020,2008,501,402,241
68020,2009,521,450,169.66
68020,2010,479,469,176.9115
68020,2011,526,367,138.5951
68020,2012,526,367,138.5951
68020,2013,476,364,282.0858
68051,2007,1240,1240,1240
68051,2008,1210,1210,1340
68051,2009,1236,1139,1391.01
68051,2010,1244,1125,1373.9486
68051,2011,1300,1168,1076.3718
68051,2012,1300,1168,1076.3718
68051,2013,1906,1565,1213.5798
68077,2007,602,420,630
68077,2008,620,415,541
68077,2009,641,578,731.07
68077,2010,592,577,702.9238
68077,2011,650,600,550.681
68077,2012,627,506,379.5
68077,2013,710,526,520.9873
68079,2007,512,485,424.37
68079,2008,540,540,440
68079,2009,524,493,313.43
68079,2010,524,499,290.78
68079,2011,618,515,257.5
68079,2012,617,532,457.52
68079,2013,593,514,509.0132
68092,2007,667,631,610.2
68092,2008,651,576,548
68092,2009,579,540,368.45
68092,2010,548,521,355.2253
68092,2011,602,478,278.2888
68092,2012,22,22,11
68092,2013,571,444,351.6444
68101,2007,110,110,40
68101,2008,92,90,45
68101,2009,108,88,28.7
68101,2010,106,87,26.1
68101,2011,150,90,27
68101,2012,137,100,75
68101,2013,174,110,87.2198
68121,2007,4,3,2.3
68121,2008,4,3,2.1
68121,2009,4,4,2.13
68121,2010,4,2,1.2
68121,2011,4,2,1.2
68121,2012,14,4,4
68121,2013,11,8,9.4248
68167,2007,932,725,562
68167,2008,953,723,533
68167,2009,963,902,786.65
68167,2010,918,858,748.0401
68167,2011,1008,872,586.0258
68167,2012,1008,872,653.904
68167,2013,1206,929,736.2814
68169,2007,70,70,38
68169,2008,69,49,30
68169,2009,73,60,30
68169,2010,97,66,32.85
68169,2011,106,64,25.7352
68169,2012,106,64,25.7352
68169,2013,143,102,79.3521
68176,2007,843,680,545
68176,2008,866,665,543
68176,2009,865,800,531.08
68176,2010,849,833,416.5
68176,2011,1213,764,382
68176,2012,1483,80,40
68176,2013,1025,780,463.2521
68209,2007,615,460,258
68209,2008,654,450,249
68209,2009,709,614,553
68209,2010,722,644,450
68209,2011,792,588,352.5367
68209,2012,1076,800,600
68209,2013,1413,1006,796.8631
68211,2007,322,322,280
68211,2008,314,314,263
68211,2009,317,279,114.12
68211,2010,294,290,174
68211,2011,316,265,132.5
68211,2012,200,104,67.72
68211,2013,295,216,139.4944
68217,2007,1194,988,988
68217,2008,1230,1135,1702
68217,2009,1266,1161,1026.64
68217,2010,1266,1230,1475.4
68217,2011,1305,1156,1155.8503
68217,2012,1338,1185,1185
68217,2013,1546,1147,908.8432
68229,2007,911,800,1200
68229,2008,953,900,810
68229,2009,996,894,640.57
68229,2010,1004,918,657.9063
68229,2011,1103,836,515.4136
68229,2012,2256,90,54
68229,2013,1572,1137,900.5713
68235,2007,1156,1088,870
68235,2008,1178,1094,875
68235,2009,1201,1124,633.6
68235,2010,1136,1089,613.9633
68235,2011,1231,1037,518.5
68235,2012,730,380,456
68235,2013,1103,810,641.6613
68245,2007,72,55,72
68245,2008,72,54,42
68245,2009,72,72,29.65
68245,2010,73,62,31
68245,2011,84,70,28
68245,2012,104,85,63.75
68245,2013,34,29,34.7754
68255,2007,698,580,406
68255,2008,729,590,290
68255,2009,789,722,302.13
68255,2010,754,728,304.7713
68255,2011,828,749,238.7623
68255,2012,840,780,936
68255,2013,915,651,644.5513
68264,2007,160,160,176
68264,2008,160,160,176
68264,2009,144,104,104
68264,2010,147,73,73
68264,2011,162,71,57.1893
68264,2012,196,165,165
68264,2013,259,185,146.5654
68271,2007,439,401,281
68271,2008,440,410,185
68271,2009,467,435,111.37
68271,2010,478,390,195
68271,2011,518,382,152.8
68271,2012,536,382,152.8
68271,2013,406,279,165.9735
68276,2007,567,535,388
68276,2008,572,560,399
68276,2009,598,533,370.06
68276,2010,569,538,373.7899
68276,2011,625,492,292.8326
68276,2012,625,492,292.8326
68276,2013,629,518,401.9862
68296,2007,656,652,489
68296,2008,654,277,255
68296,2009,697,655,341.54
68296,2010,676,634,330.8506
68296,2011,742,615,259.1933
68296,2012,680,600,720
68296,2013,739,587,581.2441
68298,2007,49,45,35
68298,2008,61,43,33
68298,2009,65,49,36.54
68298,2010,63,53,31.8
68298,2011,70,50,24.9126
68298,2012,52,20,15
68298,2013,81,68,81.1149
68307,2007,268,140,120
68307,2008,248,180,140
68307,2009,252,236,70
68307,2010,234,234,69.4568
68307,2011,249,183,54.4135
68307,2012,228,228,136.8
68307,2013,189,166,131.8518
68320,2007,1403,1050,957
68320,2008,1358,1125,979
68320,2009,1396,1240,893.57
68320,2010,1299,1296,934.2563
68320,2011,1302,1179,731.9103
68320,2012,1342,1050,787.5
68320,2013,1436,1116,773.517
68322,2007,303,195,280
68322,2008,308,208,290
68322,2009,318,291,193.63
68322,2010,300,300,210
68322,2011,302,239,143.4
68322,2012,335,307,307
68322,2013,333,250,198.4551
68324,2007,585,450,173
68324,2008,590,500,279
68324,2009,602,545,208.5
68324,2010,582,549,210.1421
68324,2011,630,430,172
68324,2012,640,437,174.8
68324,2013,516,437,259.6508
68344,2007,429,364,373
68344,2008,420,357,347
68344,2009,420,372,260.31
68344,2010,397,378,264.2372
68344,2011,430,345,207
68344,2012,451,323,241.9125
68344,2013,591,431,426.7495
68368,2007,421,340,272
68368,2008,430,325,240
68368,2009,439,394,153.39
68368,2010,409,395,153.7857
68368,2011,449,309,120.478
68368,2012,465,321,125.0176
68368,2013,410,289,229.0629
68370,2007,55,45,38
68370,2008,55,55,35
68370,2009,55,53,14.75
68370,2010,65,54,54
68370,2011,79,74,59.2
68370,2012,84,64,64
68370,2013,98,82,97.4805
68377,2007,139,135,90
68377,2008,145,130,104
68377,2009,177,130,47.45
68377,2010,186,162,59.13
68377,2011,204,127,46.3233
68377,2012,204,127,46.3233
68377,2013,227,170,132.1734
68397,2007,23,23,21
68397,2008,23,23,15
68397,2009,23,23,16
68397,2010,39,23,23.7
68397,2011,52,46,36.8
68397,2012,54,48,38.4
68397,2013,43,36,43.2018
68406,2007,240,240,150
68406,2008,230,230,184
68406,2009,165,165,31.34
68406,2010,166,160,31.7133
68406,2011,180,125,25
68406,2012,150,120,24
68406,2013,82,66,39.4284
68418,2007,175,75,52
68418,2008,175,73,54
68418,2009,275,175,54.22
68418,2010,275,252,78.0768
68418,2011,302,197,61.1665
68418,2012,302,197,61.1665
68418,2013,272,186,144.1906
68444,2007,1267,665,641
68444,2008,1296,420,210
68444,2009,1363,1244,806.71
68444,2010,1310,1260,816.9346
68444,2011,1419,1168,584
68444,2012,857,654,490.5
68444,2013,1308,943,746.9383
68464,2007,540,540,474
68464,2008,545,500,440
68464,2009,557,519,342.47
68464,2010,567,516,451.5438
68464,2011,632,566,396.228
68464,2012,830,60,60
68464,2013,881,610,603.7067
68498,2007,790,736,779
68498,2008,804,728,770
68498,2009,831,771,679.97
68498,2010,819,771,694.17
68498,2011,895,777,543.9
68498,2012,1035,900,900
68498,2013,1341,1013,802.5203
68500,2007,1190,883,973
68500,2008,1265,867,962
68500,2009,1284,1146,840.59
68500,2010,1166,1166,854.7963
68500,2011,1263,1057,670
68500,2012,1470,980,735
68500,2013,1508,1075,851.835
68502,2007,28,25,12.5
68502,2008,28,23,12
68502,2009,27,27,8.37
68502,2010,28,27,24
68502,2011,30,27,18.9
68502,2012,54,30,22.5
68502,2013,57,45,33.1665
68524,2007,319,280,224
68524,2008,344,315,252
68524,2009,380,341,281.91
68524,2010,386,342,282.6814
68524,2011,424,353,221.4568
68524,2012,424,353,221.4568
68524,2013,660,463,358.6779
68533,2007,1120,932,839.25
68533,2008,1155,932,839.25
68533,2009,1266,1107,987.55
68533,2010,1288,1152,1027.4623
68533,2011,1414,1163,804.9293
68533,2012,2638,1838,735.2
68533,2013,1874,1355,1050.5183
68547,2007,388,115,57
68547,2008,392,110,55
68547,2009,453,390,200.79
68547,2010,428,414,213.1463
68547,2011,470,403,166.982
68547,2012,482,413,170.982
68547,2013,703,533,316.5085
68549,2007,1250,1150,1265
68549,2008,1285,1250,1375
68549,2009,1343,1223,996.44
68549,2010,1298,1287,1048.2412
68549,2011,1305,1200,821.2078
68549,2012,1305,1200,900
68549,2013,1638,1326,1028.4222
68572,2007,1267,1238,742.8
68572,2008,1275,1219,731.4
68572,2009,1303,1184,420.34
68572,2010,1260,1260,504
68572,2011,1357,987,394.8411
68572,2012,1394,1014,405.6
68572,2013,1040,807,479.588
68615,2007,1682,1682,1009
68615,2008,1642,1620,972
68615,2009,1720,1614,715.31
68615,2010,1665,1665,737.9219
68615,2011,1804,1685,674
68615,2012,1792,1600,1200
68615,2013,1519,1250,990.7703
68669,2007,677,655,737
68669,2008,710,650,780
68669,2009,771,670,317.82
68669,2010,796,780,312
68669,2011,798,700,280
68669,2012,797,762,304.8
68669,2013,967,794,314.3573
68673,2007,151,140,56
68673,2008,152,146,80
68673,2009,164,146,48.94
68673,2010,180,180,108
68673,2011,195,169,101.4
68673,2012,235,179,161.1
68673,2013,209,184,145.7493
68679,2007,1843,1650,1270
68679,2008,1869,1670,1285
68679,2009,1884,1745,1102.14
68679,2010,1879,1832,1157.4346
68679,2011,1978,1706,906.7515
68679,2012,1978,1706,906.7515
68679,2013,2442,1984,1538.4313
68682,2007,15,15,12
68682,2008,15,15,8
68682,2009,15,15,3.89
68682,2010,15,13,3.501
68682,2011,16,10,3
68682,2012,21,3,1.56
68682,2013,48,34,19.943
68684,2007,17,17,9
68684,2008,17,17,8
68684,2009,20,16,3.75
68684,2010,18,18,4.2019
68684,2011,16,16,8
68684,2012,26,15,7.5
68684,2013,26,10,6.2218
68689,2007,3940,3518,3277
68689,2008,3822,3559,3339
68689,2009,3540,3253,2080.4299
68689,2010,3260,3260,1956
68689,2011,3376,3065,1532.3595
68689,2012,3330,3023,1511.5
68689,2013,2730,2152,1705.0883
68745,2007,539,473,283.8
68745,2008,555,477,286.2
68745,2009,584,545,327.53
68745,2010,581,525,315.6475
68745,2011,638,494,247.2829
68745,2012,638,494,247.2829
68745,2013,722,553,428.362
68755,2007,2591,2120,1504
68755,2008,2725,2160,1522
68755,2009,2840,2592,3033.75
68755,2010,2855,2655,2663.3999
68755,2011,3170,2970,2376
68755,2012,3170,2970,2376
68755,2013,3936,3174,2461.1257
68770,2007,1190,1190,1094
68770,2008,1166,1100,990
68770,2009,1179,1082,745.64
68770,2010,1161,1161,812.7
68770,2011,1258,1061,636.6813
68770,2012,1258,633,379.8
68770,2013,1147,948,750.8365
68773,2007,153,50,30
68773,2008,154,75,48
68773,2009,183,150,59.56
68773,2010,191,172,68.6
68773,2011,222,122,183
68773,2012,227,125,93.75
68773,2013,309,208,154.4971
68780,2007,97,80,40
68780,2008,114,85,50
68780,2009,140,97,23.09
68780,2010,144,144,72.7423
68780,2011,152,141,56.9874
68780,2012,158,146,175.2
68780,2013,158,117,92.8453
68820,2007,432,291,264
68820,2008,429,296,217
68820,2009,468,424,209.71
68820,2010,434,432,213.8635
68820,2011,477,424,167.5439
68820,2012,954,848,335.0061
68820,2013,471,383,296.9173
68855,2007,1273,420,420
68855,2008,1291,420,420
68855,2009,1349,450,540
68855,2010,1327,450,675
68855,2011,1380,441,528.8051
68855,2012,1440,612,459
68855,2013,2154,1617,1253.3373
68861,2007,272,120,96
68861,2008,279,138,118
68861,2009,288,260,83.95
68861,2010,270,270,114.9282
68861,2011,287,276,90.0364
68861,2012,305,295,236
68861,2013,291,231,178.8466
68872,2007,67,62,44
68872,2008,61,61,42
68872,2009,46,43,22.78
68872,2010,49,41,22.0219
68872,2011,53,40,17.2523
68872,2012,112,84,36.3502
68872,2013,104,75,59.409
68895,2007,750,750,525
68895,2008,774,750,525
68895,2009,793,701,467.65
68895,2010,754,732,487.9148
68895,2011,816,675,405
68895,2012,132,52,52
68895,2013,851,668,661.9925
73001,2007,7945,6840,6156
73001,2008,8278,7036,7921.375
73001,2009,8313,7323,7323
73001,2010,8234,7323,9300.21
73001,2011,8798,7750,4256.6079
73001,2012,8433,7000,7000
73001,2013,9193,7369,5501.0254
73024,2007,2216,2146,2150
73024,2008,1972,1676,1097.625
73024,2009,1983,1793,1952
73024,2010,1974,1793,2150
73024,2011,2109,1907,1042.2092
73024,2012,2074,2074,2074
73024,2013,2055,1874,1539.0071
73026,2007,1122,989,922
73026,2008,986,838,911.25
73026,2009,900,787,865.7
73026,2010,925,860,946
73026,2011,1069,934,457.456
73026,2012,949,637,700.7
73026,2013,914,726,572.0026
73043,2007,3271,2925,4103
73043,2008,3386,2878,3562
73043,2009,3356,2831,2831
73043,2010,3398,2946,2857.6201
73043,2011,3631,3063,1645.5629
73043,2012,3795,3265,3656.8
73043,2013,4069,3387,2787.0129
73055,2007,323,281,430
73055,2008,296,252,375
73055,2009,294,263,263
73055,2010,294,294,294
73055,2011,330,296,152.8728
73055,2012,17,12,4.8
73055,2013,311,291,206.0009
73067,2007,6746,5734,6958.375
73067,2008,6746,5734,6958.375
73067,2009,7318,6101,4575.75
73067,2010,7220,6900,9765
73067,2011,7194,5997,3546.3013
73067,2012,7628,7523,8051.6001
73067,2013,10073,7950,6383.0293
73124,2007,1246,1083,1035
73124,2008,1238,1052,900.875
73124,2009,1235,1157,867.75
73124,2010,1255,1200,950
73124,2011,1332,1248,672.5243
73124,2012,1165,1000,1000
73124,2013,1321,1101,920.0043
73152,2007,1926,1705,2489
73152,2008,1895,1611,2278
73152,2009,1944,1668,1834.8
73152,2010,1854,1712,1883.2
73152,2011,1981,1700,969.551
73152,2012,960,30,18
73152,2013,2096,1747,1231.0057
73168,2007,6971,6173,7654
73168,2008,6859,5830,5674.375
73168,2009,7089,6246,5309.1001
73168,2010,7063,6100,6215
73168,2011,7547,6650,3630.585
73168,2012,7547,6650,3630.585
73168,2013,8012,6436,4944.0229
73226,2007,3151,2718,3745
73226,2008,2396,2037,2060.625
73226,2009,2244,2022,2224.2
73226,2010,2454,2035,2156
73226,2011,2623,2363,1175.319
73226,2012,421,220,132
73226,2013,2145,1896,1468.0068
73236,2007,3250,2791,2233
73236,2008,3242,2756,2133.125
73236,2009,3333,2836,3119.6001
73236,2010,3298,3243,3300
73236,2011,3500,2978,1648.4692
73236,2012,3538,3,2.912
73236,2013,3807,3261,2486.0115
73270,2007,1492,1390,1905
73270,2008,1256,1068,1519
73270,2009,1278,994,1093.4
73270,2010,1289,706,847.2
73270,2011,1377,1071,577.778
73270,2012,600,0,0
73270,2013,1414,1229,1004.0046
73283,2007,7437,6774,10375
73283,2008,6997,5947,9150
73283,2009,7012,5787,6944.3999
73283,2010,7014,6500,4550
73283,2011,7548,6229,3363.7839
73283,2012,6766,5000,5250
73283,2013,6717,5535,4435.0205
73347,2007,1505,1357,1942
73347,2008,1500,1275,1594.625
73347,2009,1549,1375,1237.5
73347,2010,1491,1400,1350
73347,2011,1594,1415,799.2402
73347,2012,1843,1663,1752.2
73347,2013,2026,1706,1457.0067
73352,2007,3110,2915,2249
73352,2008,2528,2149,1884.5
73352,2009,2427,2110,2321
73352,2010,2584,1961,2672
73352,2011,2761,2400,2400.4929
73352,2012,2127,2126,2126
73352,2013,2126,1786,1551.0072
73408,2007,509,458,549
73408,2008,608,517,797.375
73408,2009,498,426,468.6
73408,2010,634,467,605
73408,2011,677,579,247.6191
73408,2012,416,356,338.2
73408,2013,306,251,219.001
73411,2007,8873,7586,10138
73411,2008,8790,7472,10460
73411,2009,8622,7284,8012.3999
73411,2010,8811,4000,3600
73411,2011,9416,7955,4233.9385
73411,2012,18537,8734,8734.2402
73411,2013,9908,7926,6844.0317
73443,2007,810,679,952
73443,2008,656,558,836
73443,2009,536,501,475.95
73443,2010,694,510,475.95
73443,2011,741,693,291.2141
73443,2012,568,501,475.95
73443,2013,552,397,283.0013
73449,2007,572,410,473
73449,2008,378,321,434.875
73449,2009,372,329,361.9
73449,2010,382,367,229.375
73449,2011,405,358,191.2364
73449,2012,374,300,180
73449,2013,334,318,263.0012
73483,2007,136,127,69
73483,2008,122,104,82.875
73483,2009,128,104,31.2
73483,2010,120,104,83.2
73483,2011,129,104,60.4516
73483,2012,129,104,60.4516
73483,2013,119,90,80.0004
73504,2007,4420,3795,4934
73504,2008,4412,3750,3965.875
73504,2009,4891,4207,3365.6001
73504,2010,4379,3220,3050
73504,2011,4679,4025,2445.3843
73504,2012,4679,4025,2445.3843
73504,2013,5626,4694,3434.0159
73520,2007,2138,1907,2660
73520,2008,2134,1814,2319.5
73520,2009,2194,1726,1553.4
73520,2010,2242,1020,1224
73520,2011,2395,1884,1003.2644
73520,2012,1318,559,559
73520,2013,2599,2107,1712.0079
73555,2007,8601,7893,10141
73555,2008,9001,7651,9246.75
73555,2009,9676,8076,6740
73555,2010,9018,8146,9775
73555,2011,9637,8043,4694.3008
73555,2012,20280,15550,15550
73555,2013,12961,10343,7659.0356
73563,2007,1084,1007,1328
73563,2008,1025,871,724.875
73563,2009,985,869,955.9
73563,2010,1238,1126,1572
73563,2011,1110,979,505.1198
73563,2012,1178,1033,1033
73563,2013,1213,1031,755.0035
73616,2007,4152,3695,4951
73616,2008,4883,4151,4235.125
73616,2009,5285,4094,4503.3999
73616,2010,4793,3501,4563
73616,2011,5122,3968,2379.7014
73616,2012,5341,5241,5441.1201
73616,2013,5970,4618,3868.0178
73622,2007,249,208,260
73622,2008,303,258,217.5
73622,2009,321,193,193
73622,2010,304,200,210
73622,2011,324,195,112.1843
73622,2012,327,202,202
73622,2013,316,278,222.001
73624,2007,5844,5319,5694
73624,2008,6206,5275,5912.5
73624,2009,6681,5421,7047.2998
73624,2010,6266,5350,6218
73624,2011,6695,5433,3151.0408
73624,2012,4883,3822,4117
73624,2013,7856,6321,5277.0244
73675,2007,3255,2969,2986
73675,2008,3403,2893,2713
73675,2009,3679,3018,2625.6599
73675,2010,3289,2836,2466.885
73675,2011,3622,2971,1754.2595
73675,2012,4672,4624,2774.3999
73675,2013,4270,3584,2680.0125
73678,2007,255,238,310
73678,2008,203,173,258.875
73678,2009,214,177,212.4
73678,2010,214,214,256.8
73678,2011,219,181,102.884
73678,2012,330,250,250
73678,2013,258,205,179.0008
73686,2007,1079,996,1236
73686,2008,1042,886,1128.625
73686,2009,1022,917,917
73686,2010,1070,897,897
73686,2011,1143,1026,533.0206
73686,2012,900,500,500
73686,2013,1058,855,738.0034
73854,2007,1089,933,1150
73854,2008,1086,923,1273.625
73854,2009,1157,920,920
73854,2010,1083,1075,1516
73854,2011,1158,920,534.7643
73854,2012,1450,1420,1420
73854,2013,1570,1228,903.0042
73861,2007,1212,1047,1478
73861,2008,1254,1066,1522.125
73861,2009,1189,987,987
73861,2010,1134,1052,841.76
73861,2011,1356,1126,573.7091
73861,2012,1248,874,978.7456
73861,2013,1411,1182,1036.0048
73870,2007,3621,3273,4768
73870,2008,3583,3046,4286.875
73870,2009,3582,2959,2959
73870,2010,3611,3100,3850
73870,2011,3859,3188,1719.9648
73870,2012,3935,3377,2026.2
73870,2013,3961,3171,2496.0115
76001,2007,628,460,217.5
76001,2008,628,400,256
76001,2009,650,414,206.75
76001,2010,660,424,211.75
76001,2011,652,544,380.9
76001,2012,710,505,505
76001,2013,677,514,372.3986
76020,2007,1638,1453,1307
76020,2008,1616,1488,1160.64
76020,2009,1601,1562,1093.47
76020,2010,1596,1567,1096.97
76020,2011,1616,1409,1832
76020,2012,1654,1615,1292
76020,2013,1453,966,1010.1721
76036,2007,327,265,344.37
76036,2008,320,219,263
76036,2009,312,174,277.76
76036,2010,312,184,293.76
76036,2011,302,231,392.7
76036,2012,302,231,184.8
76036,2013,301,257,165.3303
76041,2007,6159,5992,6601.6582
76041,2008,6099,5694,5694
76041,2009,5879,5254,2626.8501
76041,2010,5879,5366,3756
76041,2011,5957,5434,6086.1001
76041,2012,5533,4633,5096.6738
76041,2013,5282,4270,4294.6704
76054,2007,3370,3365,3365
76054,2008,2252,2252,2184.4399
76054,2009,3169,1983,991.6
76054,2010,3269,2103,2103.2
76054,2011,4081,1983,991.6
76054,2012,4157,2022,1617.28
76054,2013,2571,2107,1356.4612
76100,2007,2078,2050,1076.25
76100,2008,1350,1180,1014.8
76100,2009,1890,1652,1420.29
76100,2010,1900,1652,1420.29
76100,2011,1987,1787,1536.8
76100,2012,2047,1907,1640.02
76100,2013,1692,1268,877.4681
76111,2007,593,470,559.3
76111,2008,573,492,516.6
76111,2009,569,489,302
76111,2010,588,493,592
76111,2011,584,530,530.4
76111,2012,584,530,530.4
76111,2013,519,422,441.0193
76113,2007,2350,2323,2044.24
76113,2008,2354,2300,1840
76113,2009,2219,2219,2218.7
76113,2010,2239,2219,2218.7
76113,2011,2714,2480,1984
76113,2012,2764,2480,1984
76113,2013,2045,1590,1023.2324
76122,2007,6382,5933,6674.625
76122,2008,6382,6119,4222.1099
76122,2009,5609,4774,5967.125
76122,2010,5609,4854,6067.125
76122,2011,5635,4615,2595.8999
76122,2012,5423,4549,2558.8125
76122,2013,5014,3846,3481.47
76147,2007,749,695,299.545
76147,2008,495,495,213.345
76147,2009,494,451,171.456
76147,2010,494,458,174.116
76147,2011,499,399,375.2
76147,2012,411,411,206.6425
76147,2013,387,289,120.7278
76233,2007,1764,1600,1280
76233,2008,1654,1621,1296.8
76233,2009,1558,1526,1220.5601
76233,2010,1558,1531,1224.5601
76233,2011,1657,1627,1301.6
76233,2012,1657,1627,1301.6
76233,2013,1534,1151,925.8269
76243,2007,7602,6814,6609.5801
76243,2008,7955,5076,7258.6802
76243,2009,6176,4440,6268
76243,2010,6176,4570,6452
76243,2011,6176,4440,6268
76243,2012,6224,4951,4950.6401
76243,2013,6239,5062,5091.0381
76246,2007,5027,4700,3595.5
76246,2008,5027,4900,4410
76246,2009,4316,4207,4200
76246,2010,4316,4258,5535.5298
76246,2011,4316,4258,5535.5298
76246,2012,4316,4207,3365.6799
76246,2013,3954,3270,2104.6475
76248,2007,149,134,76.38
76248,2008,159,149,84.93
76248,2009,156,146,83
76248,2010,156,150,90
76248,2011,166,143,85.8
76248,2012,191,166,99.6
76248,2013,208,156,75.089
76250,2007,1225,1160,580
76250,2008,1217,1200,528
76250,2009,994,793,872.3
76250,2010,999,783,861.3
76250,2011,1181,988,1086.8
76250,2012,935,905,543
76250,2013,715,606,292.5399
76275,2007,908,875,262.5
76275,2008,922,922,295.04
76275,2009,891,883,282.688
76275,2010,891,885,309.89
76275,2011,922,902,451
76275,2012,922,902,451
76275,2013,1466,1094,527.9545
76306,2007,979,888,586.575
76306,2008,964,869,548
76306,2009,918,870,574.332
76306,2010,918,880,580.932
76306,2011,1043,953,495.1
76306,2012,1043,953,495.716
76306,2013,918,774,809.374
76318,2007,631,590,531
76318,2008,701,665,598.5
76318,2009,583,538,484.11
76318,2010,583,549,494.01
76318,2011,593,583,524.7
76318,2012,613,533,213.2
76318,2013,541,415,167.0883
76364,2007,1631,1620,1620
76364,2008,1425,1425,1567.5
76364,2009,1578,1567,1332
76364,2010,1598,1577,1341
76364,2011,1707,1547,1237.6
76364,2012,1680,1642,985.2
76364,2013,1550,1178,568.9073
76377,2007,906,756,756
76377,2008,701,665,598.5
76377,2009,843,738,738.2
76377,2010,873,748,748.2
76377,2011,862,862,775.8
76377,2012,862,862,775.8
76377,2013,812,640,463.4308
76400,2007,611,542,466.12
76400,2008,580,479,349.67
76400,2009,758,724,528.374
76400,2010,758,734,587.04
76400,2011,331,316,195.9
76400,2012,361,331,248.25
76400,2013,488,358,230.6706
76403,2007,767,700,665
76403,2008,765,654,784.8
76403,2009,766,746,932.625
76403,2010,766,746,900
76403,2011,766,766,842.2
76403,2012,766,766,842.16
76403,2013,575,498,360.9354
76497,2007,1797,1718,1288.5
76497,2008,1726,1549,480.19
76497,2009,1500,1130,372.933
76497,2010,1600,1400,690
76497,2011,1553,1456,1281.3
76497,2012,1598,1460,1284.5977
76497,2013,1111,867,613.9594
76520,2007,305,300,288
76520,2008,302,285,239
76520,2009,279,275,275.2
76520,2010,279,275,275.2
76520,2011,279,278,278
76520,2012,279,279,279
76520,2013,414,313,252.0345
76563,2007,337,309,172.24
76563,2008,336,310,175.15
76563,2009,398,365,208.278
76563,2010,398,370,211.128
76563,2011,398,365,208.3
76563,2012,398,365,208.278
76563,2013,523,388,281.2361
76606,2007,1385,1196,1279.72
76606,2008,1393,1347,1454.76
76606,2009,1237,1200,1295.892
76606,2010,1237,1200,1295.892
76606,2011,1198,1058,1142.1
76606,2012,838,728,742.56
76606,2013,740,614,503.5142
76616,2007,4093,4000,3600
76616,2008,4093,4090,3517.3999
76616,2009,3893,3861,3327
76616,2010,3893,3870,3297
76616,2011,3893,3861,3327
76616,2012,3893,3860,3326.2
76616,2013,3190,2432,1761.4673
76622,2007,1004,993,595.8
76622,2008,1074,905,389.15
76622,2009,935,790,395.2
76622,2010,946,790,632.32
76622,2011,813,786,550.2
76622,2012,926,813,609.75
76622,2013,884,633,407.6258
76670,2007,429,390,312
76670,2008,429,429,343.2
76670,2009,423,418,334.24
76670,2010,423,418,334.24
76670,2011,428,423,338.2
76670,2012,434,428,342.4
76670,2013,487,393,252.6846
76736,2007,8744,7600,8284
76736,2008,8781,7600,8284
76736,2009,7873,7011,8763.875
76736,2010,7873,7811,10154.4297
76736,2011,7420,6702,8376.9004
76736,2012,7420,7156,8586.8281
76736,2013,7173,5345,5160.5347
76823,2007,2315,2220,1776
76823,2008,2362,2262,2081.04
76823,2009,1913,1832,1685.9
76823,2010,1933,1872,1722.7
76823,2011,2135,1963,1806
76823,2012,2560,2135,2135
76823,2013,1596,1262,1015.1863
76828,2007,4974,4800,4320
76828,2008,5007,4761,4761
76828,2009,4980,4736,4142
76828,2010,4980,4850,4198
76828,2011,5012,4736,4142.3999
76828,2012,8098,5427,4867.2202
76828,2013,4328,3327,4015.3577
76834,2007,4244,3900,3900
76834,2008,4144,4144,4558.3999
76834,2009,3916,3916,5090.7998
76834,2010,3916,3916,5090.7998
76834,2011,3916,3916,3524.3999
76834,2012,4446,4446,4446
76834,2013,4148,3338,2416.9629
76845,2007,1056,1000,800
76845,2008,1056,903,804
76845,2009,940,804,1004.875
76845,2010,940,825,1031.2271
76845,2011,894,786,981.9
76845,2012,893,754,537.24
76845,2013,734,556,502.4918
76863,2007,1666,1384,636.64
76863,2008,1387,1352,621.92
76863,2009,1682,1640,754.216
76863,2010,1678,1677,838.7
76863,2011,1616,1300,260
76863,2012,1600,1400,1400
76863,2013,1450,1272,920.7716
76869,2007,876,870,870
76869,2008,841,821,821
76869,2009,817,730,658
76869,2010,777,722,707
76869,2011,968,865,1038
76869,2012,1005,960,768
76869,2013,686,498,320.722
76890,2007,1773,1633,1470
76890,2008,1769,1400,840
76890,2009,1699,1218,1055
76890,2010,1748,1659,1422
76890,2011,1658,1518,2067.3999
76890,2012,1663,1420,1136
76890,2013,1174,884,640.2162
76892,2007,375,370,207.2
76892,2008,364,364,218.4
76892,2009,349,349,209.4
76892,2010,349,349,209.4
76892,2011,354,334,200.4
76892,2012,359,339,254.25
76892,2013,338,273,153.6249
85162,2007,25,24,16.8
85162,2008,25,15,9.375
85162,2009,63,23,13
85162,2010,64,23,13.11
85162,2011,75,35,19.95
85162,2012,81,75,56.25
85162,2013,70,46,28.3391
85225,2007,315,270,183.6
85225,2008,352,260,325
85225,2009,722,180,210
85225,2010,281,220,200
85225,2011,400,150,120
85225,2012,360,185,92.5
85225,2013,340,279,142.3385
85315,2007,75,60,42
85315,2008,82,66,58.5
85315,2009,26,26,28
85315,2010,116,85,94
85315,2011,94,52,52
85315,2012,132,94,70.5
85315,2013,141,61,37.5774
85400,2007,2182,2113,1700
85400,2008,1920,1700,925
85400,2009,1742,1562,1718.2
85400,2010,2512,1726,2120
85400,2011,2200,1709,1709
85400,2012,1820,1820,1365
85400,2013,2646,1846,1130.3029
86001,2007,20,20,23
86001,2008,32,20,23.4
86001,2009,32,20,23.4
86001,2010,33,21,23.4
86001,2011,46,32,37
86001,2012,32,32,38.4
86001,2013,45,24,16.8718
