"MPIO_CCDGO","prec_mar","prec_aug","tmax_mar","tmax_aug","tmin_mar","tmin_aug"
"25513","111.235294117647","102.529411764706","23.45882359673","22.4000001795152","13.4941177368164","13.5647058486938"
"25506","108","111.8","22","19.860000038147","12.8999998092651","12.5599998474121"
"25491","139","118.5","28.7750000953674","28.7750000953674","18.7999997138977","18.7750000953674"
"25489","131.5","164.5","28.6999998092651","28.8000001907349","18.8500003814697","18.8999996185303"
"25488","135.272727272727","123.272727272727","32.8909086747603","32.5909092643044","21.99090905623","21.6272730393843"
"25580","149.7","102.7","30.4000003814697","30.4800001144409","19.8799999237061","20.0399997711182"
"25592","140.25","138.25","28.9250001907349","29.125","18.9750003814697","19.0500001907349"
"25594","99","203.333333333333","22.3333336512248","19.516666730245","12.1166666348775","12.0833333333333"
"25596","145.25","115.5","27.8625001907349","27.375","17.7624999284744","17.8250000476837"
"25524","128","126.75","27.4250001907349","25.9499998092651","17.6749997138977","17.1249997615814"
"25518","129.555555555556","161.444444444444","28.15555551317","27.6666668785943","18.7777779897054","18.3555556403266"
"25599","141.571428571429","139.428571428571","32.8285718645368","32.7142865317208","21.3428568158831","21.3428570883615"
"25645","111.6","112.4","23.4200004577637","21.9200000762939","13.639999961853","13.7"
"25649","91.3333333333333","122","18.725000222524","16.1666666666667","9.35000000397364","9.27499999602636"
"25653","112.714285714286","92.3571428571429","22.7714283806937","21.400000163487","12.7214287008558","12.8499998024532"
"25658","104","87","22.7400001525879","21.5399997711182","12.6599998474121","13.0200000762939"
"25662","151.058823529412","116.470588235294","30.3941174675437","30.5529411540312","20.0764705433565","20.1235294342041"
"25718","141.8","114.6","26.5200004577637","26","16.6599998474121","16.8399997711182"
"25743","113.25","106.125","22.8374998569489","21.0250000953674","13.0000001192093","13.0124999284744"
"25095","143","100.666666666667","27.0999997456868","26.7333335876465","17.2666670481364","17.3333326975505"
"25086","141.5","109.75","33.9999995231628","33.8874998092651","22.5625002384186","22.2999999523163"
"25053","109.625","132.5","23.0749998092651","21.2000000476837","13.4125000238419","13.1000002622604"
"25040","134","100.666666666667","24.7333335876465","23.7833334604899","14.9166665077209","15.0333331425985"
"25035","140.8","163.8","31.8799999237061","31.5799999237061","20.5400001525879","20.5600002288818"
"25148","153.740740740741","179.592592592593","30.0629629205774","30.2407406700982","20.381481523867","20.1629631607621"
"25151","94.8333333333333","191.333333333333","25.2166668574015","22.3500003814697","14.1166666348775","14.1500000953674"
"25168","155.666666666667","124.5","29.6166667938232","29.9166660308838","19.6000003814697","19.7833331425985"
"25019","123.666666666667","99","24.4000002543132","23.5333334604899","14.5666669209798","14.8333330154419"
"25123","134.5","114","28","27.4499998092651","18","18"
"25120","87.7","119","18.4749999046326","15.8199999809265","9.09000000953674","8.90000004768372"
"25245","131.5","131.666666666667","26.8666664759318","25.8833332061768","17.0000001589457","16.8499997456868"
"25258","136.75","185.625","27.5125002861023","27.0249998569489","18.0375003814697","17.4874999523163"
"25281","96","153","21.9000003814697","19","11.4","11.439999961853"
"25823","138","205.2","27.4","26.7800003051758","18.0999996185303","17.4599998474121"
"25777","113.857142857143","103","23.2142854418073","22.1857141767229","13.3857142584664","13.6285712378366"
"25815","135.909090909091","136.090909090909","33.5181817141446","33.5545458360152","21.9818179390647","21.99090905623"
"25807","99","214.5","23.8000001907349","21.0500001907349","13.25","13.0500001907349"
"25862","130.714285714286","128.142857142857","27.1428574153355","26.7714287894113","17.5857144764491","17.3428570883615"
"25867","132.8","105.6","26","25.6599998474121","16.4400001525879","16.6400003433228"
"25871","117","128","25.4666665395101","24.7666670481364","16.0999997456868","16.0333331425985"
"25875","143.142857142857","112.571428571429","28.9285717010498","29.1000003814697","18.8142860957554","19.0428575788225"
"25878","134.875","131.75","29.1500000953674","28.2625000476837","18.8250000476837","18.4999997615814"
"25805","130.25","123.75","27.1000003814697","25.875","17.4249997138977","17.0750000476837"
"25898","109","83.3333333333333","21.2999998728434","19.5666669209798","11.0666666030884","11.1666666666667"
"25797","146","171","29.8000001907349","29.1999998092651","19.1999998092651","19.1499996185303"
"25885","145.914893617021","190.765957446808","30.221276709374","30.0744678010332","20.7978724215893","20.4808510313643"
"25299","90.8333333333333","248.166666666667","22.6333332061768","19.9166666666667","12.1999999682109","12.2833334604899"
"25297","96.0909090909091","238.272727272727","22.3454546494917","19.6000002947721","11.8636363636364","12"
"25293","94.8125","306.4375","23.5374999046326","20.7687499523163","13.5125001072884","13.3687500357628"
"25290","118.888888888889","125.888888888889","25.8666667938232","24.3777779473199","15.9666666454739","15.7222221162584"
"25320","153.111111111111","148.388888888889","31.2111112806532","31.8250001271566","21.1916667620341","21.3166665501065"
"25328","137.5","118","25.9499998092651","25.5","16.3499994277954","16.5500001907349"
"25335","110.916666666667","227.166666666667","23.4583333333333","20.9166665077209","13.808333158493","13.5500000317891"
"25368","143.111111111111","117.444444444444","33.1333332061768","33.3555552164714","21.7222222222222","21.9222223493788"
"25372","86.6666666666667","227.777777777778","20.3388890160455","17.5833332273695","10.2888888782925","10.4388888676961"
"25386","142.333333333333","147","29.2166662216187","28.733333269755","18.7333335876465","18.6833335558573"
"25394","148.777777777778","197.333333333333","27.4222221374512","27.0555557674832","18.0888892279731","17.6222220526801"
"25398","138.333333333333","177","29.1333338419596","29.25","19.2833331425985","19.1499999364217"
"25402","134.857142857143","118","26.6571426391602","26.1571429116385","16.8571428571429","16.9714287349156"
"25426","83","215.555555555556","21.8222221798367","19.1222220526801","11.2888889312744","11.4000000423855"
"25436","110.666666666667","251.833333333333","22.5666669209798","19.9833335876465","12.2333334287008","12.2333334287008"
"25438","131.189655172414","418.551724137931","29.0603447289302","26.0310344696045","19.6379309851548","18.4344826731189"
"15022","77","279","25.1999998092651","22.5","14.9499998092651","14.5999999046326"
"15090","87","356.25","27.9250001907349","25.3000001907349","16.9999997615814","16.3999996185303"
"15106","119","123","25.5400001525879","24.6799999237061","15.7200002670288","15.3599998474121"
"15109","101.6","96.8","24.0799999237061","22.7","13.5","13.3800001144409"
"15185","104.285714285714","171.428571428571","25.6857144492013","24.599999836513","13.8857142584664","13.4285714285714"
"15212","124.666666666667","131.833333333333","27.3166666030884","26.5333331425985","17.5833333333333","17.2833334604899"
"15377","64.3448275862069","287.724137931034","25.5448276914399","22.8586206107304","14.1344828441225","13.789655192145"
"15401","138","215","27.2999992370605","26.7999992370605","18.2999992370605","17.7999992370605"
"15550","59.6","254.25","25.0200000762939","22.4900000572205","13.5599999427795","13.2099999427795"
"15580","136.875","205.125","28.5750002861023","28.1749999523163","19.3874998092651","18.9625000953674"
"15761","86.3333333333333","275.666666666667","25.0999997456868","22.2999998728434","14.8000001907349","14.4666668574015"
"15897","70.4","232.3","23.1699998855591","20.7000000953674","13","12.8400000572205"
"15325","110","306.2","23.6799999237061","21.0000003814697","13.4200000762939","13.3199998855591"
"15442","125.142857142857","134.142857142857","27.8428573608398","27.1714284079415","18.0571428026472","17.8142858232771"
"15455","104","312.583333333333","23.6416665712992","21.1666667461395","13.7249999841054","13.3999998569489"
"15469","101.7","151.9","25.2299999237061","23.7599998474121","13.3699999809265","13.1300000190735"
"15480","127","192.571428571429","29.8857143947056","29.5428570338658","20.3857141222273","20.0428573063442"
"15507","131.727272727273","210.772727272727","30.4727271686901","30.2818183898926","21.2818183898926","20.9727273420854"
"15514","89.1764705882353","380.176470588235","28.1000001570758","25.2823530084947","17.6411762798534","16.9352940952077"
"15531","125.25","156.166666666667","28.8916665712992","28.3916670481364","19.3916668097178","19.0583333969116"
"15533","63.2380952380952","321.238095238095","29.8380952562605","26.8761903671991","18.5809522356306","17.4142857052031"
"15660","102.8","281.2","24.7399997711182","22.1200000762939","14.2999998092651","13.9"
"15664","107.25","190.75","27.2750000953674","26.4249997138977","15.4750001430511","14.9250001907349"
"15681","130.125","184.75","29.6875","29.375","20.4249999523163","20.0750002861023"
"15686","125.666666666667","190.666666666667","27.9666665395101","27.3333333333333","16.3666667938232","15.6333332061768"
"15690","110.928571428571","435.571428571429","29.6928570611136","26.8428569521223","19.8214282989502","18.8571428571429"
"15816","109","159.8","26.1799995422363","24.9199996948242","14.139999961853","13.7"
"5001","113.866666666667","219.133333333333","25.3333333333333","24.6000001271566","14.8599999109904","14.7400000254313"
"5101","128.333333333333","219.583333333333","26.9749999046326","25.8166664441427","16.0166666507721","15.8916665712992"
"5107","84.0625","343.25","27.7874997854233","26.3749998807907","18.5249999761581","17.7187499403954"
"5113","84.4375","284.4375","27.0437495708466","25.4500000476837","16.4937498569489","16.2437500953674"
"5093","108.083333333333","233.166666666667","27.5333331425985","26.4500001271566","16.5166668891907","16.4833333492279"
"5091","129","190.222222222222","24.411111301846","23.3333333333333","14.0555557145013","13.8333332273695"
"5088","107.625","241.625","24.4250001907349","23.6125001907349","14.0750000476837","13.9375001192093"
"5079","112.166666666667","273.666666666667","26.3583334287008","25.7333334287008","16.1333333651225","15.9166665077209"
"5059","92.2","229.8","31.8200000762939","30.4399997711182","19.9799999237061","19.8800003051758"
"5055","161.923076923077","237.461538461538","26.9692309452937","26.2999999706562","17.399999838609","17.0230768643893"
"5044","95.3076923076923","237.615384615385","29.3230768350454","28.0538460658147","18.1230768790612","18.0153845273531"
"5042","93.9166666666667","266.791666666667","28.1583333015442","26.8083334763845","17.3208332856496","17.0999999046326"
"5040","97.5230769230769","393.923076923077","29.8646153670091","28.8938461597149","21.0369229830228","20.1184614915114"
"5038","93.8235294117647","298.117647058824","24.6176470588235","23.4882351370419","14.8294116749483","14.2411763808307"
"5036","112","219.6","25.0399997711182","24.2799999237061","14.939999961853","14.7999996185303"
"5034","136.578947368421","192.789473684211","23.0368422458046","22.131578897175","13.4210527319657","13.1052632331848"
"5031","108.929824561404","364.210526315789","29.3596491897315","28.6807015736898","20.3140350475646","19.582456187198"
"5030","111.25","229.25","28.125","27.0250000953674","17.0499997138977","16.9250001907349"
"5021","124.666666666667","301.5","27.8833332061768","27.3666664759318","18.1666669845581","17.7999998728434"
"5004","95.0666666666667","253.933333333333","22.3800000508626","21.2333332061768","12.613333384196","12.4066666285197"
"5002","122.5","229.5","24.3041666348775","23.5000001589457","14.7083333333333","14.3958334525426"
"5887","90.8055555555556","288.472222222222","24.2222221162584","22.9750001165602","14.6972223387824","13.9833332432641"
"5885","123.608695652174","326.173913043478","30.213043378747","29.713043378747","20.9173913209335","20.3913044307543"
"5861","109.5","241.25","31.0000002384186","29.6500000953674","19.4249999523163","19.2999999523163"
"5858","116.565217391304","344.391304347826","30.2999999004862","29.7782608529796","21.1217390972635","20.534782409668"
"5856","114.166666666667","203.833333333333","31.1000000635783","29.8833332061768","19.6166664759318","19.3166666030884"
"5842","68.5","270.357142857143","28.9214284079415","26.9142855235509","17.7285714149475","17.6285714421953"
"5819","76.7142857142857","321.571428571429","28.8142855507987","27.0428573063442","18.7285714830671","18.1571431841169"
"5809","105.428571428571","235.714285714286","30.6000001089913","29.2428569793701","18.9428569248744","18.8999998910087"
"5792","113.833333333333","236.333333333333","30.1500002543132","28.8166666030884","18.6500002543132","18.4666663805644"
"5789","122.923076923077","197.153846153846","25.630769436176","24.6076919849102","15.4076923223642","15.1076924250676"
"5761","88.5555555555556","251.888888888889","29.877777311537","28.4888886345757","19","18.733333269755"
"5756","147.983870967742","222.693548387097","27.279032153468","26.8435483747913","17.6500000799856","17.4564515544522"
"5690","115.181818181818","300.363636363636","27.2090908397328","26.6727274114435","17.4272727099332","17.018181627447"
"5686","96.675","269.175","22.3325000762939","21.3074998855591","12.5949999570847","12.0799998998642"
"5679","111.727272727273","229.545454545455","29.1181817488237","27.9909087094394","18.1999998092651","17.9181817661632"
"5306","90","264.8","25.2600002288818","23.9000003814697","14.7","14.5799999237061"
"5282","112.454545454545","233.181818181818","29.7090908397328","28.4818179390647","18.4090909090909","18.2000004161488"
"5240","95","248","29.7272725538774","28.3999999653209","18.4363633936102","18.3999997919256"
"5237","104.222222222222","279.777777777778","24.9222225613064","24.2111110687256","14.9888887405396","14.7000001271566"
"5212","113.666666666667","226.666666666667","25.533332824707","24.8000005086263","15.1333332061768","15.0333331425985"
"5209","109.538461538462","234.153846153846","28.7384612743671","27.6307691427378","17.4999996332022","17.4769230622512"
"5206","118.9","286.8","25.260000038147","24.739999961853","15.5799999237061","15.2199998855591"
"5197","146.909090909091","255.545454545455","27.8545454198664","27.109090978449","17.890909281644","17.363636450334"
"5190","114","326.5","28.4499998092651","28","18.6000003814697","18.3000001907349"
"5148","161.5","243.444444444444","23.6166668997871","22.9333333969116","14.2611110475328","13.9777779049344"
"5145","138.75","202.25","22.5499997138977","21.75","13.4749999046326","13.1500000953674"
"5142","138.090909090909","281.272727272727","32.0454545454545","31.7000000693581","22.2909093336626","22.0090911171653"
"5138","73.5333333333333","263.733333333333","26.9199999491374","25.1533332824707","16.0133332570394","15.9"
"5134","83.1666666666667","328.833333333333","28.125","27.108333269755","18.8166667620341","18.0249999364217"
"5129","125.833333333333","196","23.8833335240682","23.2166665395101","14.266666730245","14.0333333015442"
"5125","115.5","243.7","22.360000038147","21.489999961853","12.6999999046326","12.5"
"5670","129.8","303.9","29.6950000762939","29.2049999237061","20.1199997901916","19.6300000190735"
"5667","138.5","293","28.9625002145767","28.4437501430511","19.4187499284744","18.8624999523163"
"5660","148.142857142857","260.190476190476","30.1333332061768","29.6380954015823","20.3999998910087","19.876190276373"
"5656","90.3333333333333","250.666666666667","28.1666668785943","26.9666667514377","17.3444446987576","17.1444443596734"
"5652","146.578947368421","247.421052631579","30.3368420851858","29.8210525512695","20.5315787666722","19.9999997992265"
"5649","144.242424242424","279.575757575758","29.7606061299642","29.2818182742957","20.2242423259851","19.7121212988189"
"5647","89.6666666666667","183.444444444444","23.3444442749023","21.9777779049344","13.6666668785943","13.1888890796238"
"5642","125.636363636364","232.090909090909","26.1999998959628","25.236363324252","15.6818180951205","15.5636363462968"
"5631","133","198","27.2999992370605","26.6000003814697","16.1000003814697","16"
"5628","78","298.416666666667","28.5749998092651","26.8666667938232","18.300000111262","17.7999998728434"
"5607","119.75","229.666666666667","21.6583333015442","21.0750001271566","12.7166665395101","12.3583333492279"
"5576","113.25","227.75","29.2999997138977","28.0000004768372","17.8500001430511","17.6749997138977"
"5543","82.1578947368421","299.315789473684","24.7105263157895","23.1684210927863","14.8578947468808","14.4210525813856"
"5541","117.8","288.6","24.8400001525879","24.3799999237061","15.1600002288818","14.760000038147"
"5501","85","267.8","28.9599998474121","27.4800003051758","18.2400003433228","17.9400001525879"
"5483","158.9375","191.1875","25.3374999761581","24.4875000715256","15.5625","15.2875000238419"
"5467","124","236.5","25.6500005722046","24.6999998092651","15.6500000953674","15.2999997138977"
"5440","108.571428571429","248.857142857143","24.0142857687814","23.4571424211775","14.1857141767229","13.7285713468279"
"5425","131.947368421053","286.473684210526","31.3578946966874","30.9473685214394","21.7578949175383","21.363158075433"
"5411","84.4545454545455","259.909090909091","26.8272725885565","25.3818184245716","16.3999997919256","16.0909090909091"
"5380","126","258","26.2000007629395","25.3999996185303","15.3999996185303","15.3000001907349"
"5376","111.666666666667","244.333333333333","22.3500003814697","21.7666670481364","13.1666666666667","12.7999998728434"
"5368","120","214.333333333333","26.0666667090522","25.1888887617323","15.9000000423855","15.5111110475328"
"5364","136.666666666667","177.444444444444","21.6333334181044","20.8777775234646","12.5888888041178","12.1666667726305"
"5353","112.5","202.5","30.9000005722046","29.3500003814697","18.5999994277954","18.5999994277954"
"5347","103.2","238.2","28.8200000762939","27.6399997711182","17.6400001525879","17.6"
"5321","122.2","285.2","25.4200004577637","25.0200000762939","16.0399997711182","15.7000001907349"
"5315","92.1666666666667","325","28.0833333333333","27.1166667938232","18.3166666030884","17.7333339055379"
"5313","142","271.875","24.9624998569489","24.5374999046326","15.6999999284744","15.2124998569489"
"5310","99.4285714285714","321.714285714286","27.9142855235509","27.099999836513","18.0928570202419","17.6214285578047"
"5308","112","235","27.6000003814697","26.7999998728434","16.733333269755","16.6666666666667"
"68001","85","148.625","28.5750005245209","27.9750001430511","19.3624999523163","18.7500002384186"
"68013","88.5","190","25.5500001907349","24.8999996185303","14.6500000953674","13.9000000953674"
"68020","86.375","106.25","21.9750003814697","20.4374997615814","11.1124998927116","11.0249998569489"
"68051","87.8571428571429","154.571428571429","28.9428571973528","27.8571425846645","17.3285713195801","16.9714284624372"
"68077","121.666666666667","200.666666666667","27.2333329518636","26.3666667938232","15.5333331425985","14.9666665395101"
"68079","96","165.2","29.8200004577637","28.7200000762939","18.0799995422363","17.6799999237061"
"68092","103.291666666667","185.625","31.2583335240682","30.4999997615814","21.0958334207535","20.6749999920527"
"68101","127.9","213.12","31.3799998474121","31.0759999847412","21.4860000419617","21.371999874115"
"68121","104.75","134.5","32.1000003814697","30.8250002861023","20.3250002861023","20.1999998092651"
"68167","96.8571428571429","159.52380952381","25.7904762086414","24.4857141403925","13.7000000363305","13.3523808888027"
"68169","61.6","103","22.3200000762939","21.3999996185303","12.6799999237061","12.6799997329712"
"68176","89","186.375","26.7374999523163","25.9999997615814","15.6750000715256","14.9625000953674"
"68209","97.5","198.75","27.2000002861023","26.25","15.0749998092651","14.3999998569489"
"68615","91.1272727272727","200.636363636364","33.5054543581876","32.2272728313099","22.709090978449","22.3581816933372"
"68669","58.0909090909091","110.181818181818","20.5999998612837","19.0636363462968","9.96363639831543","9.8636364069852"
"68673","111.5","191.25","29.25","28.875","17.8999996185303","17.1750001907349"
"68679","90.8","154","28.8200000762939","27.3599998474121","16.3399997711182","15.9200000762939"
"68682","71.4","135.2","23.9","22.2399997711182","11.939999961853","11.9799999237061"
"68684","59","151.5","27.6499996185303","26.1000003814697","14.5999999046326","14.3000001907349"
"68689","113.92","205.82","32.6219999313355","31.8079999542236","22.1839999771118","21.7880000114441"
"68745","113.068181818182","219.545454545455","31.7477273074063","30.9340907010165","21.1477273160761","20.7477271990343"
"68755","95.5","161.5","29.233333269755","28.0500001907349","17.1333333651225","16.7499996821086"
"68770","116.153846153846","185.461538461538","27.1846153552716","26.4384617438683","15.3846153112558","14.7230768937331"
"68773","110.333333333333","180.222222222222","26.8259258270264","26.100000028257","16.8481482046622","16.6481480775056"
"68780","56.7857142857143","95.8571428571429","20.2571430206299","19.2214285305568","10.9928572177887","11.0500000885555"
"68820","56.875","101.75","18.15625","16.8187500834465","8.90000006556511","8.8125"
"68855","88.75","144","28.0500001907349","26.625","15.4749999046326","15.0499999523163"
"68861","105.52380952381","197.142857142857","28.5095237550281","27.857142947969","18.1857144037882","17.9142857052031"
"68872","84.6","160.2","29.6200000762939","28.5600002288818","17.8199996948242","17.3799999237061"
"68895","87.3529411764706","160.647058823529","28.805882173426","27.9647059721105","18.1470587674309","17.770588201635"
"68370","98","162","31.5","30.3999996185303","19.8999996185303","19.6000003814697"
"68377","119.533333333333","179","29.0400000254313","28.6266666412354","19.4799999872843","19.2200000127157"
"68397","102.846153846154","186.615384615385","28.2769226661095","27.8153846447284","17.9307690400344","17.5153844539936"
"68406","100.48","165.72","31.0639998626709","30.3559999847412","21.5959999084473","21.0240000915527"
"68418","85.5714285714286","139","29.7142857142857","28.8357144764491","18.5142859050206","18.1071427890233"
"68444","70.6153846153846","112.692307692308","23.2461537581224","22.484615619366","14.176923091595","14.0153846007127"
"68464","81.4583333333333","149.166666666667","26.2749999364217","24.6833334763845","13.7708332538605","13.6583333412806"
"68498","96.6666666666667","155","28.1666673024495","26.8999996185303","15.4666665395101","14.9666665395101"
"68500","109","171.785714285714","27.2785715375628","26.5071428843907","15.2500000681196","14.4857143674578"
"68502","61.9565217391304","116.130434782609","20.4826086707737","18.6826088532158","9.38260868321294","9.53043489870818"
"68524","94.5","170.5","30.1999998092651","29.1999998092651","18.1499996185303","17.6499996185303"
"68533","86.75","193","27.3999996185303","26.1750001907349","15.125","14.6000001430511"
"68547","76.7391304347826","127.869565217391","25.0304347328518","24.095652082692","15.0043479256008","14.7130434616752"
"68549","102.5","149.5","28.9500007629395","27.6499996185303","16.6999998092651","16.25"
"68572","106.153846153846","176.692307692308","24.2384617145245","22.9538462712215","12.8461539195134","12.5999998679528"
"68211","87.5","190.833333333333","24.5833330154419","23.9500001271566","13.9666666984558","13.2833333015442"
"68217","65.8461538461538","103.769230769231","20.9038462272057","19.2538460951585","9.98461536260752","10.1000000880315"
"68229","81.2666666666667","162.933333333333","27.713333384196","26.2533335367839","15.4466665903727","15.1400000254313"
"68235","108.545454545455","189.477272727273","30.0136362422596","29.3522726839239","20.3204544891011","19.8590908050537"
"68245","99.5","176.25","28.3250002861023","27.875","17.849999666214","17.2999997138977"
"68255","81","145.086956521739","27.56086963156","26.7695652505626","18.2130436689957","17.921739122142"
"68264","70.5789473684211","101.578947368421","19.8473684913234","18.2421052832352","9.38421056145116","9.42105253119218"
"68271","107.125","145.375","26.4250001907349","25.6375000476837","16.5500001907349","16.1625002622604"
"68276","83.2","128.6","26.6200004577637","25.9","17.1799997329712","16.6999998092651"
"68296","85.8","157.8","27.2199996948242","26.2299997329712","16.510000038147","16.089999961853"
"68298","83.1724137931034","122.827586206897","23.096551829371","21.4448276388234","11.4827586206897","11.4172414582351"
"68307","94.8095238095238","162.857142857143","30.6571429116385","30.0047621045794","20.7857144673665","20.2619047619048"
"68320","102.875","161.25","28.9999997615814","28.6375000476837","17.4375002384186","16.4874999523163"
"68322","95","144.666666666667","29.7999998728434","29.0666662851969","17.7999998728434","17.033332824707"
"68324","107","229.333333333333","25.7333329518636","24.7333335876465","14.5333334604899","14.0333334604899"
"68344","89.2857142857143","166.714285714286","25.3571428571429","24.3142858232771","14.4285712923322","13.91428565979"
"68368","105.75","179.25","24.5249996185303","23.375","13.6499998569489","13.25"
"76001","141.25","95.9642857142857","26.9392855848585","26.9178570338658","16.4428571292332","16.0571429729462"
"76036","121.2","100.6","30.8799999237061","30.6200000762939","19.5399997711182","19.7000003814697"
"76041","132","154.071428571429","28.2642856325422","27.8642857415336","18.3142856870379","18.0357142857143"
"76054","135.2","147.2","25.5399997711182","25.3799999237061","16.7400001525879","16.439999961853"
"76111","112.95","100.975","22.1999999761581","21.5250000476837","12.202499973774","12.0925000309944"
"76113","125.157894736842","99.0526315789474","29.7894736842105","29.5263157894737","18.9210527319657","18.8473686419035"
"76122","143.777777777778","103.666666666667","28.0888890160455","27.800000084771","17.6666666666667","17.4444444444444"
"76147","133.545454545455","126.181818181818","30.4363639137962","30.0272726579146","19.3454544760964","19.1454545801336"
"76243","139.857142857143","163.571428571429","24.1428574153355","23.8000000544957","15.6000001089914","15.2857141494751"
"76246","131.555555555556","159.111111111111","23.8888888888889","23.65555551317","15.3666665818956","15.0111112594604"
"76248","115.5","90.85","24.6399999141693","24.2700002670288","14.2949999809265","14.0899999380112"
"76250","123.909090909091","122.363636363636","26.0636360862038","25.8090910478072","17.0727270299738","16.6818180951205"
"76275","113.9","98.4","21.3950002193451","20.7450002193451","11.5050000309944","11.3300000309944"
"76306","112.727272727273","90.6363636363636","23.3636362769387","22.9545456279408","13.6545454805548","13.4818180691112"
"76318","118.625","84.25","28.3124997615814","27.9625000953674","17.7875000238419","17.4874999523163"
"76020","146.5","125.5","29.4500007629395","28.9000005722046","18.25","18.0999994277954"
"76497","134.333333333333","114.222222222222","30.3333333333333","30","19.4333335028754","19.2333329518636"
"76520","114.795918367347","86.7755102040816","25.8285714363565","25.4714286570646","15.2857143781623","15.0734694831225"
"76563","119.25","92.375","24.3062498569489","23.9375000596046","14.0937501192093","13.8999999165535"
"76606","107.333333333333","84.1666666666667","26.6166661580404","26.0333334604899","16.4666666984558","15.733333269755"
"76616","130.875","104.125","26.3062499761581","25.9187500476837","16.5375000238419","16.3125"
"76622","136.555555555556","112.111111111111","28.2888889312744","28.0444444020589","18.2444447411431","18"
"76670","129.888888888889","99.7777777777778","28.866666369968","28.6000003814697","18.2333330578274","18.0888888041178"
"76736","124.925925925926","97.2592592592593","23.7999999788072","23.2259257634481","13.8888889065495","13.7444444938942"
"76823","127.555555555556","116.555555555556","28.5666664971246","28.2666666242811","18.6333332061768","18.3555556403266"
"76828","129.538461538462","112.692307692308","24.4230769230769","24.0923077509953","15.223076747014","14.9538459777832"
"76834","120.65","95.95","22.9600000619888","22.4224999666214","13.0924998879433","13.0725001215935"
"76845","142","133.5","28.9500007629395","28.3500003814697","18.0500001907349","17.7999992370605"
"76863","129.625","130.5","25.4874999523163","25.3250000476837","16.5375001430511","16.1750001907349"
"76869","132.8","99.6","27.8","27.4","17.2999998092651","16.6800003051758"
"76890","120.1875","93.125","28.4062498807907","27.9125000238419","18.018749833107","17.5687498450279"
"76892","164.727272727273","99.4545454545455","27.8909095417369","27.7272729006681","17.4727272553877","16.9454546841708"
"76403","127.615384615385","101","30.4846153259277","30.200000176063","19.5230770111084","19.3846155313345"
"76400","136.333333333333","111.5","29.0499998728434","28.7999998728434","18.8666667938232","18.6333335240682"
"76377","116.833333333333","94.3333333333333","27.2416666348775","26.7583333651225","16.9249998728434","16.2250000635783"
"76364","152.827586206897","111.379310344828","27.3620690312879","27.5379310147516","16.6896551395285","16.1999999079211"
"52683","128","65.5","24.7500004768372","25.0999999046326","15.5250000953674","15.1250004768372"
"52685","151.75","79.75","20.75","19.9499998092651","10.8499999046326","10.3250000476837"
"52687","137","56.7272727272727","25.1909089521928","25.5636362595992","15.736363584345","15.3636360168457"
"52693","145.25","62.75","21.9000000953674","21.5250000953674","12.0249998569489","11.625"
"52565","116.5","38.5","21.25","20.9500007629395","12.2000002861023","11.5499997138977"
"52694","146.5","56","21.8000001907349","21.4500007629395","12.4000000953674","11.8500003814697"
"52699","148.272727272727","73.8636363636364","22.5409091602672","22.0954546494917","13.9590908830816","13.427272753282"
"52207","125.833333333333","66.3333333333333","20.5833330154419","20.1166663169861","11.5833334922791","11.0499998728434"
"52001","139.211538461538","137.153846153846","17.2480770074404","15.4711538644937","8.12692311176887","7.30961541946118"
"52019","138","58","24.9499998092651","25.0500001907349","15.1999998092651","14.7999997138977"
"52036","138.333333333333","68.3333333333333","25.3333333333333","25.8333333333333","16","15.6999998092651"
"52051","135.333333333333","51.3333333333333","23.4000002543132","23.3666667938232","13.9666668574015","13.4666665395101"
"52110","145.466666666667","101.766666666667","20.3400001207987","19.4066665967305","10.9733333428701","10.3133333206177"
"52203","145.5","48.5","24.4499998092651","24.5499992370605","15","14.5500001907349"
"52786","142.272727272727","62.5454545454545","28.8454548228871","29.7727267525413","18.890909021551","18.6818179217252"
"52788","119.272727272727","90.5454545454545","16.8818181644786","15.3000001907349","7.68181813846935","6.91818189620972"
"52240","129.4","51.6","23.0999996185303","23.1","13.9","13.3600002288818"
"52258","159.571428571429","137.571428571429","18.6571427753993","17.2714285850525","9.08571437426976","8.47142863273621"
"52411","123.2","59.6","25.1599994659424","25.5599998474121","16.0200000762939","15.6000001907349"
"52885","117.75","62.5","20.9000000953674","20.2750000953674","11.4500000476837","10.7250000238419"
"52435","129.741935483871","51.258064516129","20.2903224575904","19.7999999446254","11.7935484301659","11.1387096220447"
"52378","156.090909090909","124.181818181818","18.3545453331687","16.9454545107755","8.46363631161776","8.02727274461226"
"52381","126.714285714286","48.4285714285714","22.8428570883615","22.8857141222273","13.6857143129621","13.1714286804199"
"52260","129.25","54.1666666666667","24.7666665712992","25.0833333333333","15.3249999682109","14.9000002543132"
"52287","123.888888888889","122","17.4111110899184","15.7722220950656","8.77222220102946","7.77777780426873"
"52399","145.5","56.8333333333333","26.3666664759318","26.9833329518636","16.8499997456868","16.5499997138977"
"52320","116.166666666667","52.5","20.3166666030884","19.8500000635783","10.9166668256124","10.233333269755"
"52405","143.5","60.75","26.8312500715256","27.3187499046326","16.8687498569489","16.4687501192093"
"17001","141.894736842105","136.315789473684","25.0421054237767","24.163158015201","14.6157894385488","14.6421052029258"
"17013","120.952380952381","187.52380952381","25.3999999818348","24.3761903671991","15.1238095873878","14.8999999137152"
"17486","133.25","146.0625","24.3875000476837","23.4500000476837","14.0999999642372","13.9812498092651"
"17446","128.736842105263","134.894736842105","17.0526315789474","15.9368420651085","7.50526317797209","7.47368423562301"
"17444","171.5","209.5","27.0000004768372","26.5","17.1000003814697","16.7999999523163"
"17442","136.5","180","28.1500005722046","27.1000003814697","17.3500003814697","17.1499996185303"
"17433","157.444444444444","193.888888888889","23.7111110687256","23.0333332485623","14.1777777141995","14.0555555555556"
"17388","136.5","173.75","28.0000004768372","27.0750002861023","17.2250001430511","17.0499997138977"
"17272","133","170.375","29.7749996185303","28.8249995708466","18.3250000476837","18.25"
"17174","145.666666666667","157.833333333333","28.9999996821086","28.1166667938232","17.6333338419596","17.7333335876465"
"17088","134.8","173.6","29.7799999237061","28.9599998474121","18.3599994659424","18.3"
"17050","149.7","129.2","21.8400003433228","20.9599996566772","12.5399999141693","12.2699998855591"
"17042","140.6","182.1","28.2399997711182","27.3599998474121","17.4499998092651","17.3100002288818"
"17877","131","193.166666666667","30.1499996185303","29.1833333969116","18.4166666666667","18.3000001907349"
"17873","128.04347826087","109.652173913043","17.3652173747187","16.3086955443673","8.07391306207232","8.16521732347167"
"17867","139.346153846154","198.730769230769","33.1230768057016","33.7923077803392","23.0307690547063","23.1230768790612"
"17777","131.166666666667","190.833333333333","28.6000000635783","27.549999554952","17.5166664123535","17.3499999046326"
"17665","139.5","172.5","29.375","28.5000004768372","18.0250000953674","18.0000004768372"
"17662","167.090909090909","212.727272727273","29.0454546610514","28.6242426091974","19.2090910131281","18.7848484443896"
"17653","126.222222222222","156.722222222222","21.3166666030884","20.3611110581292","11.3333333863152","11.1222223175897"
"17616","146","185","28.9666665395101","28.0666669209798","17.9000002543132","17.8666667938232"
"17541","166.083333333333","160.958333333333","22.0208336114883","21.2000000079473","12.6166666944822","12.466666718324"
"17524","136.2","167","30.0600002288818","29.0200004577637","18.2200000762939","18.2599998474121"
"17513","130.75","167.5","25.3916665712992","24.391666730245","15.2583332061768","15.0166668891907"
"18001","184.533333333333","202.375","27.7858333587646","26.2150000572205","18.352499961853","17.7816667159398"
"18247","202.096153846154","210.788461538462","29.2230766369746","27.3942309159499","19.9480769817646","19.0403848061195"
"18256","219.285714285714","230.803571428571","29.7857141835349","27.9982141767229","20.3785715869495","19.5678572825023"
"18410","243.272727272727","253.350649350649","31.6415580402721","29.9077921780673","22.146753335928","21.2974025924484"
"85162","98.2105263157895","458.210526315789","33.5763156288549","29.3210528022365","22.4789473884984","21.4078946866487"
"85225","69.5","373.923076923077","34.8326922196608","30.6249996332022","23.9846151425288","22.0461538021381"
"85315","84.1111111111111","287.388888888889","27.15555551317","24.8111110263401","16.0222220950656","15.3277778095669"
"85400","62.1428571428571","299.836734693878","29.5979591291778","26.8183673157984","18.4591837123949","17.3367346938776"
"19001","169.111111111111","85.8888888888889","24.7000001271566","24.6055555343628","13.2722222010295","12.466666592492"
"19022","147.818181818182","66.2727272727273","22.6636361208829","22.2000000693581","12.2454546581615","11.9636363116178"
"19050","169.131578947368","94.6315789473684","23.0789473182277","22.8789473583824","13.1894737293846","12.615789589129"
"19075","152.882352941176","71.2352941176471","26.0352941400865","26.4117645936854","15.7000000897576","15.3000000785379"
"19100","142.131578947368","64.1052631578947","26.105263132798","26.5184209221288","15.6421052154742","15.5473684511687"
"19110","169.181818181818","121.636363636364","27.4136362075806","27.7863637750799","16.6590908657421","15.9818183292042"
"19130","185.518518518519","100.111111111111","25.8407408396403","26.0592591321027","14.6666666313454","13.7666666596024"
"19137","171.4","83.9333333333333","25.1933334350586","25.3666665395101","14.3266665776571","13.6799999237061"
"19142","159.25","69.3333333333333","28.7166665395101","29.0666667620341","17.783333381017","17.2833332220713"
"19212","131.5","84.1666666666667","24.2666668097178","23.9583334128062","14.0666665633519","13.8083335558573"
"19355","112.102564102564","139.948717948718","18.9846154726469","17.4358974603506","8.74358976804293","8.5435897509257"
"19364","132.230769230769","85.7692307692308","20.4923078830426","19.8000000440157","10.1461539268494","9.91538458604079"
"19392","158.75","74.5","26.9000000953674","27.4250001907349","16.0375002622604","15.6625002622604"
"19397","152.32","92.16","21.4559999847412","20.7159999084473","10.9560000610352","10.6720000076294"
"19450","137.147058823529","56.4411764705882","30.464705916012","31.7000000897576","19.7147060001598","19.7205882913926"
"19455","126.9","82.4","27.35","27.2300001144409","16.6100001335144","16.3699998855591"
"19473","185.16","117.28","25.1919999694824","25.3840000152588","14.4159999084473","13.6880000686646"
"19517","111.47619047619","108.642857142857","19.8523809909821","18.6666666326069","10.041666714918","9.70595238038472"
"19532","154.444444444444","73.25","30.3222222328186","31.4583334922791","18.7972221109602","18.8111109998491"
"19548","178.166666666667","84.6666666666667","25.8500000635783","26.0666669209798","14.7000001271566","13.8666664759318"
"19585","119.275","154.8","17.4349999427795","15.5400000572205","6.65500004887581","6.55500005483627"
"19622","162","74.1428571428571","27","27.5285712650844","16.2000000817435","15.7142857142857"
"19693","151.210526315789","122.736842105263","18.1263158697831","16.1789475993106","7.70526313781738","7.36842107772827"
"19698","170.769230769231","88.2692307692308","28.7999999706562","29.2230768937331","17.6923077656673","17.0615385862497"
"19760","150.307692307692","113.615384615385","19.9769230255714","18.8769231576186","9.19615382414598","8.95769234804007"
"19780","178","120.9","26.2550000190735","26.5399998664856","15.5349999427795","14.8300000190735"
"19785","153.857142857143","65.8571428571429","26.3285713195801","26.8714283534459","15.8285714558193","15.5428568976266"
"19807","169.375","74.625","26.0124998092651","26.2750000953674","14.875","14.0124999284744"
"19821","116.125","94.75","19.1999998092651","18.3250000079473","9.06666664282481","8.92916668454806"
"19824","125.157894736842","123.526315789474","19.2105264663696","17.9421051928872","8.21578946866487","8.09473692743402"
"20011","57.7857142857143","201.619047619048","35.1928571519398","33.0238094329834","23.973809605553","23.3047619320097"
"20175","50.0153846153846","196.338461538462","36.3061539870042","34.1153844393217","24.3876923781175","24.1892308455247"
"20178","49.4259259259259","166.703703703704","36.0944443102236","33.6111111111111","23.5962964517099","23.6018519931369"
"20228","57.5909090909091","154.522727272727","34.5386362509294","32.50909094377","22.7045455629175","22.6090909567746"
"20310","69.2","192.8","27.1400001525879","26.2200000762939","16.3399995803833","16.4199996948242"
"20383","61.1282051282051","213.051282051282","35.7025644351275","33.7358977488982","24.4153845860408","23.7692307203244"
"20400","51.5","149.833333333333","34.3861112064785","32.2499998940362","21.9888889789581","22.063888920678"
"20517","61.1785714285714","180.142857142857","33.4214287485395","31.6321430887495","22.1250000340598","21.8285714898791"
"20550","57.5555555555556","188.333333333333","35.3888886769613","33.4888888465034","23.9611110687256","23.4611110157437"
"20614","64","202.72","33.2799997711182","31.4040002441406","22.2480000305176","21.7199999237061"
"20710","84.3333333333333","217.814814814815","34.9333332909478","33.2111107155129","23.581481580381","23.2777776364927"
"20770","69.1304347826087","235.391304347826","35.5152174908182","33.5130433206973","24.1652173995972","23.6978261574455"
"41001","136.393442622951","79.8852459016394","28.6540983231341","28.6065574083172","18.6967213114754","18.5213114316346"
"41306","130.541666666667","93.1666666666667","27.1708334684372","26.0250001351039","17.224999944369","16.4041665792465"
"41319","136.272727272727","128.272727272727","26.1636364676736","24.7363634976474","16.3909091082486","15.8909091949463"
"41349","137.7","70.2","30.4100002288818","29.7699998855591","19.8200000762939","19.2800001144409"
"41357","133.882352941176","79.4117647058823","25.3764704535989","24.7176469915053","15.7529410193948","15.2294117422665"
"41359","144.529411764706","142.588235294118","23.4176471373614","22.2764705770156","12.7588235069724","12.3470588852378"
"41378","137.904761904762","144.714285714286","21.3095237186977","20.004761832101","11.1428571996235","10.6952381474631"
"41396","139.594594594595","110.081081081081","24.4864864864865","23.5756756035057","14.145945832536","13.5648649061048"
"41483","134.166666666667","75","26.2666664123535","25.8833332061768","16.5500001907349","15.9000000953674"
"41503","149.5","125.166666666667","24.0666669209798","23.0500001907349","13.9499999682109","13.3666666348775"
"41518","137.571428571429","69.9285714285714","29.1642857960292","28.4499999455043","18.7928572382246","17.8500001089913"
"41524","136.875","64.2","31.1824999809265","31.4049999713898","20.3425000429153","20.285000038147"
"41530","168.5","193.25","23.9625000953674","22.7500002384186","14.0624998807907","13.4749999046326"
"41548","133.8","93.6","25.9099998474121","24.9700000762939","15.7799999237061","15.1599999427795"
"41551","147.161290322581","152.870967741935","25.8096774931877","24.7774193671442","15.4290323565083","15.0354837909822"
"41615","125.538461538462","81.3076923076923","29.7307692307692","29.4846151792086","19.2769231796265","19.0230767910297"
"41660","138.090909090909","144","21.5272725712169","20.0909090042114","11.1909090822393","10.83181829886"
"41668","150.21875","166.40625","20.0234374403954","18.3250000178814","9.76250002533197","9.34218752384186"
"41676","125.941176470588","92.5294117647059","22.4000000673182","21.7235293668859","13.0823530309341","12.7941175348618"
"41770","140.666666666667","145.047619047619","26.3952380589076","25.033333551316","16.4095237368629","16.0619047255743"
"41791","135.5","92.0625","27.8562499284744","26.6750000715256","17.3125000596046","16.8000001311302"
"41797","142.9375","61.8125","29.6312499046326","29.0624998807907","19.3249997496605","18.3062502741814"
"41799","123","74.6","29.6479998779297","29.383999786377","19.7040000152588","19.3839999771118"
"41801","113.5","106.318181818182","21.568181774833","20.6136363202875","12.0590908906677","11.7681817304004"
"41807","134.444444444444","122.111111111111","27","25.855555428399","16.8222222858005","16.5666669209798"
"41298","130.068965517241","119.448275862069","25.4137931692189","24.0241379244574","15.7172415174287","15.0310344696045"
"41244","135.5","105.75","28.1499996185303","26.8999996185303","17.5499997138977","17.25"
"41206","106.12","113.986666666667","22.0440000152588","20.0800000508626","13.7266666412354","13.0066666475932"
"41132","136.85","77.25","30.2050001144409","29.6899994850159","19.5599999904633","19.1600000858307"
"41078","116.923076923077","93.8717948717949","27.0256411723601","26.1820513407389","17.9205128107315","17.3384615335709"
"41026","131.625","84","29.7999997138977","28.4249999523163","18.9749999046326","18.5125000476837"
"41020","119.535714285714","121.892857142857","22.9928570474897","21.6464286191123","13.8142857210977","13.225000006812"
"41016","141.891891891892","75.5675675675676","32.0864863524566","32.7621619250323","21.3810810913911","21.5108108520508"
"41013","139","75.3333333333333","29.4416669209798","28.3416668574015","18.8250002066294","18.0000000794729"
"41006","160.076923076923","187.807692307692","24.9846155460064","23.8153845713689","15.2884615751413","14.8230767616859"
"50001","130.913793103448","359.948275862069","32.3982758028754","29.1827584957254","23.0724137404869","21.2931034976038"
"50223","99.7735849056604","241.150943396226","21.7660377070589","18.7698113423473","12.3981131967509","11.7660377070589"
"50226","125","388.129032258065","33.5451609703802","29.8838708323817","23.7741934868597","22.0064515144594"
"50251","129.142857142857","288.964285714286","30.1607143538339","27.4428571292332","20.5000000681196","19.0214285509927"
"50270","155.5","377.25","31.925000667572","29.25","22.1749997138977","20.4250001907349"
"50330","116.896226415094","232.669811320755","30.0367924492314","27.6396226523057","20.6103774646543","19.0613206917385"
"50400","103.736842105263","220.894736842105","23.5999999799226","20.8552632833782","14.7605263559442","13.8342105212965"
"50606","128.25","382.2","30.6999997138977","27.5","21.4850000858307","19.8550001144409"
"50683","127.4","284.872727272727","33.5727272727273","30.672727134011","22.7800000277433","21.0654546217485"
"86001","236.885245901639","268.803278688525","24.8049178827004","23.8262294394071","15.4590164872467","14.7885246355025"
"63001","151.833333333333","116.5","28.6166664759318","28.0833333333333","17.6333335240682","17.2833333015442"
"63111","143.333333333333","102","28.3999996185303","27.966667175293","17.6333338419596","17.3666667938232"
"63130","148.111111111111","106.444444444444","24.5888888041178","23.9222221374512","14.6333333121406","14.2999998728434"
"63190","160.5","125.25","26.1750001907349","25.4749999046326","16.0750000476837","15.6499996185303"
"63212","123.666666666667","98.3333333333333","20.7333335876465","19.9333330790202","11.4000004132589","11.1666665077209"
"63272","158.8","132","25.2799995422363","24.6200004577637","15.6","15.2800001144409"
"63302","124.714285714286","90.4285714285714","20.8142858232771","20.0785714558193","11.6142857755933","11.4499999795641"
"63401","141.25","106.25","29.7249999046326","29.3499999046326","18.5999999046326","18.3500003814697"
"63470","141.5","113.375","29.3374998569489","28.8374998569489","18.3624999523163","18.1375002861023"
"63548","128.727272727273","98.7272727272727","20.7363637577404","19.9272728833285","11.4090909957886","11.2272725972262"
"63594","140.5","125.666666666667","29.0666662851969","28.5","18.0999997456868","17.8666667938232"
"63690","133.555555555556","105.833333333333","19.3833334181044","18.4666667514377","10.1833332644569","10.0722221798367"
"66001","138.678571428571","132.928571428571","26.3178571973528","25.5499999182565","15.5678571356194","15.4642857973065"
"66045","153","179.666666666667","23.5","22.9166666666667","14.8166666030884","14.4666668574015"
"66075","133.166666666667","186.5","29.0166664123535","28.4499998092651","18.516666730245","18.266666730245"
"66088","140.25","178.75","26.7249999046326","26","16.8000000715256","16.6250001192093"
"66170","138.333333333333","149.666666666667","26.1333332061768","25.3666674296061","16.0999997456868","15.9000002543132"
"66318","154.4","204.8","23.7199996948242","23.0400001525879","14.7200000762939","14.239999961853"
"66383","152","166.2","24.9800003051758","24.5600002288818","16.2000001907349","15.8999998092651"
"66400","138","189","30.7999992370605","30.1000003814697","19","18.8999996185303"
"66440","143.857142857143","153","28.7999997820173","27.9714284624372","17.785714830671","17.7714285169329"
"66594","141","193.714285714286","27.099999836513","26.1857141767229","16.7285713468279","16.514285496303"
"66682","139.88","115.32","19.8799999237061","18.9039999008179","10.6879999446869","10.6360000133514"
"66687","143.75","166.875","24.2999999523163","23.75","15.2125000953674","14.9250000715256"
"73001","133.544117647059","95.1029411764706","24.2088235266068","23.8661763527814","14.4382352758856","14.4617648124695"
"73024","130","85.0869565217391","28.6521739130435","28.1826087288235","19.8304347991943","19.26521740789"
"73026","145.333333333333","105.8","32.4533331553141","32.8866664886475","21.3733332316081","21.5400000254313"
"73043","121.391304347826","104.565217391304","19.1608695569246","18.1304347826087","9.5260869005452","9.60434778876927"
"73055","151.636363636364","139.272727272727","33.6863637404008","34.1454549269243","22.863636450334","22.7272728139704"
"73067","155.804347826087","80.8478260869565","29.7543477182803","30.2521738798722","19.8086957102237","19.8499999668287"
"73124","117.608695652174","89.5217391304348","18.3695651759272","17.2217391055563","9.01739128776219","8.8782609442006"
"73152","154.75","130.5","20.9875001907349","20.2375000715256","11.5625001788139","11.6124998927116"
"73168","129.229166666667","90.0520833333333","25.4447916944822","25.2229168514411","15.5687500759959","15.6041666244467"
"73226","135.32","96.68","30.8199999237061","30.3560001373291","21.0839999389648","20.2799999237061"
"73236","126.9","92.1333333333333","26.0299998601278","25.0666665395101","17.6833333333333","17.0199999491374"
"73270","160.222222222222","154","29.9777774810791","30.0888885921902","19.6888891855876","19.7000001271566"
"73283","167.090909090909","172.181818181818","26.4818181124601","26.0181817141446","16.5454546321522","16.3272726752541"
"73347","142.214285714286","122.785714285714","18.5214286531721","17.5714285714286","9.18571431296212","9.30714283670698"
"73352","126.666666666667","115.333333333333","27.5999999576145","26.4222223493788","18.1333332061768","17.6333334181044"
"73408","155","127.5","32.8900005340576","33.0800003051758","21.8800001144409","21.75"
"73411","157.8","114.733333333333","26.3400002797445","26.0000001271566","16.5000001271566","16.4733332951864"
"73443","155.071428571429","174","31.4857139587402","31.9785712105887","21.3714286259242","21.3785715103149"
"73449","134.3","112.5","32.5299999237061","32.0900003433228","21.9299997329712","21.3699996948242"
"73483","131.292682926829","77.8536585365854","33.3902440420011","34.0463413610691","22.7658536492324","22.9487805250214"
"73504","135.422222222222","86.6222222222222","31.9822221120199","32.4911110772027","21.4399998558892","21.5488889694214"
"73520","169","144.5","27.0500001907349","26.6999998092651","17","16.8000001907349"
"73555","108.444444444444","114.666666666667","18.9283950711474","17.7913580176271","9.57777782134068","9.44074067363033"
"73563","137.35","88","32.9700000762939","33.0549998283386","22.9249999046326","22.414999961853"
"73616","109.020408163265","116.418367346939","18.8183674228435","17.824489807596","9.52551015542478","9.40816328233602"
"73622","105.575","94.6","17.089999961853","15.8375000715256","7.81999995708466","7.65999997854233"
"73624","134.454545454545","88.5454545454545","25.3333333911318","25.0818181471391","15.7151515556104","15.6151514920321"
"73675","130.294117647059","81.9411764705882","23.3294116749483","22.6117647956399","14.0529412381789","13.6823529075174"
"73678","134.6","91.6","34.3900001525879","35.2900001525879","23.2600003242493","23.4149998664856"
"73686","118","96.75","17.1166666348775","15.8250001271566","7.30833330750465","7.43333326776822"
"73854","138.3","91.5","31.9999998092651","32.9200000762939","21.4800003051758","21.7099998474121"
"73861","147.533333333333","113.533333333333","33.1399998982747","33.1866668701172","21.813333384196","21.6666665395101"
"73870","139.4","120.933333333333","19.8200001398722","18.9866667747498","10.406666580836","10.4600000699361"
"54001","90.8627450980392","166.862745098039","33.2078432195327","33.1490196527219","23.7549019981833","23.6803922092213"
"54003","60.140625","135.625","24.5500000417233","23.6546874195337","13.7843749821186","14.0062500089407"
"54051","58.4782608695652","99.6521739130435","21.42608671603","20.5869563558827","12.399999929511","12.4739129854285"
"54099","60.1428571428571","103.714285714286","25.2714285169329","24.8714283534459","15.9999998637608","15.9142859322684"
"54109","72.3636363636364","123.818181818182","24.4454545107755","23.8636363636364","14.3818179910833","14.5636362595992"
"54128","68.2","128.666666666667","24.6266668319702","23.6366667747498","14.9500000158946","14.8800000985463"
"54172","54.1111111111111","114.333333333333","24.5444444020589","24.0555557674832","15.3999998304579","15.3777777353923"
"54223","54.4444444444444","95.6111111111111","20.1999999682109","19.3444443808662","11.2666667567359","11.3277776506212"
"54239","69.4444444444444","105.333333333333","27.8888891008165","27.7444445292155","18.5555557674832","18.5111111534966"
"54261","86.5555555555556","154.222222222222","31.8148148148148","31.7111109274405","22.3111109556975","22.3777777353923"
"54313","69.4285714285714","128.142857142857","24.8428568158831","24.4571429661342","15.3857145309448","15.4714288711548"
"54344","73.8125","174.0625","28.3874999284744","27.5812500715256","17.987499833107","17.9812496304512"
"54347","53","108","20.0399997711182","19.2600002288818","11.3","11.5599998474121"
"54377","82.4166666666667","113.916666666667","21.0583333969116","20.1833333174388","11.9166666666667","11.9916666348775"
"54398","64.5384615384615","173.769230769231","26.1230770991399","25.3615382267879","15.1769230182354","15.4384616705088"
"54405","69","138.571428571429","29.5571428026472","29.5142857687814","20.1714284079415","20.2428567068917"
"54418","78.8","125","25.9799999237061","25.6599998474121","16.3199998855591","16.3999998092651"
"54520","51.875","101","22.1875002384186","21.6750004291534","13","13.1375000476837"
"54599","59.3333333333333","115.333333333333","23.799999554952","23.2666664123535","14.7166666984558","14.75"
"54660","65.6363636363636","104.636363636364","23.2499999133023","22.6000001647256","14.0090910521421","14.0954545411197"
"54670","71.35","178.65","28.2699998855591","27.3950000762939","17.9300000190735","17.9450000286102"
"54673","80.1428571428571","157.571428571429","31.2285714830671","31.4714281899588","21.7428572518485","21.9285714285714"
"54680","78.1428571428571","119.142857142857","29.5714282989502","29.5571430751256","20.014285496303","20.1000001089913"
"54720","83.3970588235294","166.014705882353","30.8602941176471","30.3749998597538","21.1514704788432","21.063235170701"
"54871","57.7","102.4","21.0500000953674","20.2149999141693","11.2600000143051","11.5000000715256"
"54874","70.5","136.5","29.8499999046326","29.8000001907349","20.4250001907349","20.5499997138977"
"17614","138.111111111111","210.388888888889","22.8055554495917","22.0277777777778","13.6833334498935","13.2611110475328"
"20001","35.13","159.595","33.3150000858307","31.6634999608994","20.8774999415874","21.2965000046417"
"20013","41.9268292682927","132.146341463415","33.231707503156","31.4012195308034","20.8280487525754","21.1048782278852"
"20045","46.1666666666667","141.05","33.746666653951","31.7733333587646","21.339999961853","21.5116668065389"
"20621","38.4509803921569","123.509803921569","30.7568628273758","29.3862745247635","18.8960784182829","19.4803923625572"
"52233","175.307692307692","88.5384615384615","27.6230768057016","27.5538460658147","18.3076923076923","17.9384615237896"
"52256","161.038461538462","71.1538461538462","28.5423075602605","28.7884616118211","18.7346155826862","18.4576924764193"
"52418","207.130434782609","153.347826086957","27.9978261201278","27.6847825257674","18.6456520661064","18.2391303518544"
"52540","155.857142857143","71.5714285714286","29.0904762631371","29.2999999636695","19.3380952108474","19.1095238186064"
"54174","82.593220338983","133.406779661017","19.4525423858125","18.0169491040505","10.1983051057589","10.1576271218769"
"54206","69.5952380952381","221.619047619048","30.8142858232771","29.7214286440895","20.0809524854024","20.1285715103149"
"54245","65.4634146341463","196.548780487805","29.72439021599","28.5048779278267","18.9890242902244","19.0170731311891"
"54800","71.2727272727273","205.863636363636","30.0909091776068","29.1045455065641","19.6227272207087","19.6090908917514"
"54820","122.485294117647","180.485294117647","23.6014706106747","22.7794117787305","14.5691176582785","14.4117647058824"
"66456","144.115384615385","192.115384615385","25.1500001320472","24.1961537141066","15.6692307912386","15.2730769377488"
"66572","163.666666666667","207.766666666667","26.2199999809265","25.3900000254313","17.0099999427795","16.5299998919169"
"76100","145.315789473684","133.421052631579","26.3500001305028","25.9842105664705","17.3157894485875","16.9236842707584"
"76233","139.409090909091","106.886363636364","26.9613635756753","26.547727281397","17.1999999609861","16.5363636883822"
"18753","157.719362745098","215.1875","31.4642156643026","29.2256126824547","22.011151964758","20.4182597381227"
"27245","175.775","298.075","25.8549998760223","24.8875","16.1325000047684","15.7799999952316"
"18592","174.989847715736","190.492385786802","28.5512691052432","26.6862944636853","19.2421319690453","18.3096447281426"
